Field,Id,Date,FluidKind,LastFluidMolecularWeight,LastFluidSpecificGravity,zN2,zCO2,zC1,zC2,zC3,zIC4,zNC4,zIC5,zNC5,zC6,zC7,zC8,zC9,zC10,zC11,zC12,zC13,zC14,zC15,zC16,zC17,zC18,zC19,zC20,LastFluidComponent
Albacora,235655066780487493060135334531738441741,28/11/2013,OLEO,513.0,0.9375,0.28,2.18,50.34,8.8,5.71,0.96,2.47,0.75,1.25,1.56,2.03,2.46,2.14,1.81,1.56,1.39,1.42,1.19,1.12,0.84,0.75,0.74,0.71,7.54,C20
Albacora,2850024621782551530469011068396203900,11/12/2014,OLEO,447.0,0.9332,0.36,3.23,45.32,7.16,6.03,1.0,2.73,0.92,1.55,1.98,2.6,2.86,2.16,1.74,1.49,1.35,1.4,1.13,1.07,0.83,0.68,0.74,0.67,10.99,C20
Albacora,66820533634321543631617927163864636933,11/12/2014,OLEO,447.0,0.9332,0.36,3.23,45.32,7.16,6.03,1.0,2.73,0.92,1.55,1.98,2.6,2.86,2.16,1.74,1.49,1.35,1.4,1.13,1.07,0.83,0.68,0.74,0.67,10.99,C20
Albacora,321567418088616429351396831258924766066,01/08/2007,OLEO,428.0,0.9508,0.01,0.17,42.67,5.08,3.49,0.76,1.64,0.4,0.84,1.08,2.97,2.24,1.84,1.77,1.5,1.44,1.48,1.3,1.3,1.0,0.86,0.84,0.75,24.57,C20
Albacora,268284190083255608950353418903086157303,01/08/2007,OLEO,524.0,0.9718,0.35,0.37,27.27,4.71,5.59,0.93,2.18,0.4,1.77,2.55,7.44,5.18,4.1,3.32,2.52,2.23,2.36,1.88,1.87,1.22,0.93,0.87,0.71,19.24,C20
Albacora,64412345022280922841613708342797521154,15/08/2008,OLEO,550.0,0.9694,0.07,0.14,42.47,3.92,4.07,0.84,2.0,0.72,2.22,1.68,2.39,3.14,2.6,2.44,2.12,2.01,2.1,1.68,1.41,1.13,0.86,1.06,0.99,17.95,C20
Albacora,73624765353725147618991340224372379350,15/08/2008,OLEO,573.0,0.9709,0.17,0.19,42.86,2.2,1.39,0.53,0.92,0.47,1.43,1.78,2.19,3.06,2.51,2.6,2.26,2.31,2.5,2.08,1.9,1.54,1.19,1.45,1.37,21.1,C20
Albacora,224119773189333224783483399842332602236,05/08/2008,OLEO,578.0,0.9735,0.11,0.11,42.76,2.79,4.08,0.84,1.95,0.68,2.08,2.14,2.47,3.19,2.7,2.54,2.23,2.15,2.26,1.8,1.57,1.31,1.06,1.25,1.16,16.77,C20
Albacora,199917565909012570995459260324543241078,12/09/2005,OLEO,459.0,0.9504,0.26,0.07,44.08,5.14,3.62,0.69,1.59,0.61,0.87,1.5,1.4,2.18,1.8,1.57,1.59,1.55,1.58,2.56,1.82,1.18,1.02,0.92,0.77,21.62,C20
Albacora,144249670795952143688318598795672522985,12/09/2005,OLEO,458.0,0.9523,1.03,0.06,27.87,3.09,2.58,0.74,1.07,0.54,1.03,0.93,1.26,1.91,1.78,1.74,2.74,2.32,2.63,11.24,5.12,2.82,1.14,1.07,0.87,24.42,C20
Albacora,229563289073315970799819912400863376048,12/09/2005,OLEO,438.0,0.9274,0.2,0.09,32.24,3.71,2.89,0.48,1.09,0.34,0.56,1.21,1.27,2.14,1.68,1.44,2.02,1.77,2.05,7.34,3.46,2.02,0.92,0.91,0.74,29.43,C20
Albacora,131146044597690423441181145781748565795,19/09/2005,OLEO,443.0,0.9555,0.12,0.15,45.73,4.83,3.71,0.71,1.62,0.6,0.88,1.52,1.45,2.21,1.86,1.57,1.44,1.49,1.5,1.59,1.54,1.12,0.96,0.93,0.78,21.69,C20
Albacora,81925582197034373915032781905380048336,13/06/2012,OLEO,424.0,0.9146,0.26,2.2,56.27,9.68,5.53,1.02,2.2,0.67,1.12,1.48,1.44,2.09,1.75,1.43,1.18,1.04,1.04,0.85,0.8,0.61,0.52,0.53,0.47,5.82,C20
Albacora,67870290247403825973881321146104615512,14/06/2012,OLEO,568.0,0.9391,0.33,3.02,45.43,9.05,5.85,0.97,2.28,0.73,1.17,1.61,2.14,2.68,2.31,2.01,1.72,1.56,1.56,1.3,1.26,0.97,0.84,0.88,0.78,9.56,C20
Albacora,241879185297420182329307460824634427118,17/06/2016,OLEO,526.0,0.9822,0.13,0.08,45.56,2.7,1.4,0.13,0.56,0.09,0.18,0.49,1.67,2.47,2.32,2.09,2.01,2.03,2.25,2.03,2.01,1.63,1.45,1.57,1.48,23.67,C20
Albacora,242106672834376825347567211384239450865,27/03/2006,OLEO,443.0,1.0027,0.69,0.08,43.83,7.97,5.87,0.82,2.3,0.7,1.26,1.63,2.32,2.76,2.24,1.93,1.69,1.5,1.82,1.18,1.36,1.02,1.08,0.92,0.67,14.36,C20
Albacora,230305646344768153035485703873135332778,12/09/2005,OLEO,419.0,0.926,0.37,0.41,44.78,8.44,5.88,1.11,2.22,0.91,0.98,1.5,1.87,2.63,2.26,1.82,1.49,1.57,1.41,1.21,1.17,0.89,0.73,0.72,0.59,15.05,C20
Albacora,74077480266840903656274182589695744996,09/12/2008,OLEO,583.0,0.9775,0.29,0.13,35.38,4.36,3.88,0.7,1.74,0.55,1.89,1.29,2.14,2.82,2.62,2.8,2.37,2.35,2.3,2.38,2.36,1.97,1.69,1.68,1.52,20.78,C20
Albacora,155552697286569509418058468381223959310,15/12/2008,OLEO,523.0,0.9788,0.08,0.2,45.67,2.73,1.68,0.34,0.83,0.26,0.85,0.64,1.22,1.81,2.19,2.23,1.87,1.79,1.77,1.89,1.91,1.59,1.35,1.38,1.17,24.54,C20
Albacora,217700392462359748091426668702965924032,22/12/2008,OLEO,558.0,0.8706,0.47,0.12,38.01,7.62,6.42,1.15,2.7,0.88,2.71,2.37,2.95,3.69,3.0,2.4,1.85,1.66,1.69,1.37,1.31,0.97,0.79,0.78,0.64,14.45,C20
Albacora,143300951261488056915149780244667207837,19/05/2009,OLEO,482.0,0.9479,0.24,0.13,41.29,6.85,5.6,0.94,2.2,0.64,1.6,1.24,1.99,2.9,2.65,2.45,2.23,2.15,2.07,2.1,1.77,1.35,1.16,1.05,0.91,14.49,C20
Albacora,277864554410396998955982596465015864510,12/01/2021,OLEO,384.0,0.9026,0.29,2.34,55.44,9.19,5.21,0.87,2.23,0.66,1.16,1.51,1.47,1.95,1.49,1.15,0.99,0.87,0.9,0.81,0.88,0.94,0.81,0.74,0.56,7.54,C20
Albacora,194203139991414084835835089921742182752,12/01/2021,OLEO,404.0,0.8957,0.26,2.47,58.88,9.35,5.02,0.85,2.09,0.61,1.06,1.39,1.4,1.87,1.41,1.08,0.91,0.8,0.82,0.65,0.62,0.47,0.42,0.41,0.38,6.78,C20
Albacora,303481377333430151418794239204285083829,12/01/2021,OLEO,404.0,0.8948,0.26,2.46,58.65,9.19,5.07,0.86,2.11,0.63,1.07,1.41,1.41,1.93,1.46,1.09,0.92,0.81,0.83,0.66,0.63,0.47,0.43,0.41,0.38,6.86,C20
Albacora,119487609079660463559812975505988049810,12/01/2021,OLEO,401.0,0.8943,0.28,1.64,35.8,7.44,5.18,0.78,2.39,0.72,1.35,1.74,2.03,2.39,1.84,1.51,1.33,1.23,1.24,1.94,3.01,5.02,4.07,3.53,1.89,11.65,C20
Albacora,36227882060552054860878071388779363428,12/01/2021,OLEO,402.0,0.8946,0.21,2.44,58.69,9.31,5.07,0.86,2.12,0.63,1.09,1.47,1.44,1.94,1.42,1.07,0.91,0.79,0.81,0.65,0.62,0.47,0.42,0.4,0.38,6.79,C20
Albacora,327412355045716644617236548064320390882,11/01/2021,OLEO,351.0,0.8883,0.3,2.32,59.48,9.41,5.0,0.86,2.12,0.63,1.11,1.51,1.38,1.85,1.3,0.92,0.78,0.67,0.7,0.58,0.57,0.51,0.44,0.41,0.35,6.79,C20
Albacora,36271494629862218079827648020545170977,15/09/2005,OLEO,433.0,0.9462,0.32,0.09,43.4,7.93,6.2,0.93,2.15,0.5,0.7,0.47,0.36,0.65,1.02,1.58,1.92,2.16,2.03,2.11,1.74,1.3,1.29,1.12,0.75,19.28,C20
Jubarte,170767834292074697190368709015578063178,04/10/2005,OLEO,548.0,1.015,0.17,0.09,39.81,2.63,0.87,0.39,0.47,0.34,0.23,0.46,0.88,1.41,1.46,1.53,1.37,1.52,1.76,1.85,2.01,1.73,1.56,1.47,1.06,34.93,C20
Jubarte,66735753321294688577249449496604007522,03/01/2008,OLEO,480.0,0.923,0.53,2.82,57.16,6.89,4.39,0.8,1.49,0.39,0.52,0.47,0.65,1.35,1.59,1.73,1.48,1.41,1.42,1.2,1.19,0.95,0.82,0.82,0.76,9.17,C20
Jubarte,159375637713064720009810752715464632037,13/12/2006,OLEO,617.0,1.0262,0.14,0.01,7.77,0.76,0.41,0.1,0.16,0.1,0.1,0.16,0.2,0.31,0.18,0.71,3.05,2.29,2.55,31.51,10.18,2.68,1.28,1.11,1.53,32.71,C20
Jubarte,123021379073893325345926269882992251913,28/12/2007,OLEO,498.0,0.9538,0.46,2.72,55.0,6.8,4.61,0.88,1.8,0.61,0.95,1.28,1.67,2.18,1.83,1.72,1.42,1.29,1.35,1.12,1.12,0.87,0.77,0.75,0.71,8.09,C20
Jubarte,81091426935357737170207419410437129683,13/12/2006,OLEO,368.0,0.9568,0.45,2.54,51.41,6.95,4.41,0.81,1.74,0.57,0.87,1.1,1.37,1.68,1.36,1.22,1.28,0.98,1.04,3.5,1.57,0.71,0.62,0.54,0.41,12.86,C20
Jubarte,106277241280517354502264168737592427041,21/09/2005,OLEO,441.0,0.9871,0.07,2.23,46.7,2.8,0.26,0.12,0.1,0.03,0.02,0.09,0.13,0.38,0.46,0.81,0.81,1.47,1.55,1.76,1.93,1.98,1.48,1.42,0.78,32.62,C20
Jubarte,250773485106628205098233324176368878125,04/05/2004,OLEO,441.0,0.9893,0.07,2.35,46.78,2.79,0.24,0.12,0.09,0.03,0.02,0.09,0.14,0.41,0.54,0.94,0.94,1.65,1.72,1.93,2.08,2.16,1.64,1.09,0.43,31.76,C20
Jubarte,190655463644817091607487878169875388744,23/10/2017,OLEO,471.0,0.9872,0.08,2.94,47.96,2.78,0.28,0.12,0.1,0.06,0.05,0.09,0.12,0.3,0.35,0.34,0.89,1.33,1.56,1.23,2.47,2.03,0.78,2.24,1.25,30.65,C20
Jubarte,15816975336784169413089762437742425194,15/09/2005,OLEO,487.0,0.9854,0.2,0.18,51.34,3.34,0.96,0.43,0.52,0.29,0.25,0.39,0.95,1.65,1.71,1.65,1.54,1.5,1.8,1.56,1.97,1.43,1.34,1.21,1.01,22.78,C20
Jubarte,146114584519011793655293726066379726861,15/09/2005,OLEO,448.0,0.993,0.03,2.07,47.84,2.19,0.12,0.05,0.05,0.01,0.01,0.04,0.13,0.26,0.3,0.64,0.78,1.45,1.62,1.28,2.7,2.17,2.05,1.78,0.64,31.78,C20
Jubarte,127411007050858520554183395329531323810,15/09/2005,OLEO,487.0,0.9854,0.21,0.18,52.25,3.4,0.98,0.44,0.52,0.29,0.25,0.39,0.93,1.62,1.67,1.61,1.51,1.47,1.76,1.52,1.92,1.4,1.3,1.18,0.98,22.23,C20
Jubarte,130227099919291957710395720520557385149,16/09/2005,OLEO,764.0,1.0315,0.45,0.14,26.47,0.69,0.27,0.06,0.05,0.07,0.17,0.1,0.04,0.04,0.03,0.19,0.96,1.54,3.11,4.78,5.91,3.66,2.23,4.32,2.73,42.0,C20
Jubarte,111982375983540257713842267451987273988,08/09/2004,OLEO,642.0,1.0318,0.19,0.17,48.38,5.03,1.68,0.17,0.28,0.04,0.05,0.17,0.16,1.34,0.46,0.68,0.88,1.23,1.58,1.67,1.86,1.9,1.69,1.55,1.42,27.43,C20
Jubarte,282574343190142171931763974193467182123,08/09/2004,OLEO,642.0,1.0299,0.21,0.18,51.25,5.33,1.78,0.18,0.3,0.04,0.05,0.16,0.15,1.24,0.42,0.63,0.82,1.14,1.46,1.54,1.72,1.76,1.56,1.43,1.31,25.34,C20
Jubarte,156361325336057504297634826240799750113,07/01/2005,OLEO,475.0,0.9955,0.18,0.55,48.94,4.32,0.66,0.37,0.19,0.18,0.11,0.24,0.36,1.52,1.55,1.7,1.42,1.55,1.82,1.77,1.87,1.63,1.3,1.34,1.14,25.3,C20
Jubarte,207409962548226176083359018693677398084,07/01/2005,OLEO,448.0,1.0062,0.06,0.72,50.24,3.53,1.3,0.59,0.67,0.34,0.29,0.51,0.91,1.48,1.67,1.86,1.96,1.97,2.23,2.13,2.1,1.89,1.35,1.39,1.32,19.49,C20
Jubarte,336926386088941226168924420734623405959,26/01/2022,OLEO,465.0,0.9912,0.3,0.09,40.19,2.3,0.75,0.34,0.41,0.27,0.21,0.39,0.69,1.03,0.95,1.06,1.0,0.97,1.21,1.43,1.46,1.08,1.45,1.56,0.92,39.93,C20
Jubarte,295496194497441494066564325267828501951,21/09/2005,OLEO,523.0,0.9996,0.24,0.06,42.14,2.36,0.76,0.35,0.42,0.28,0.22,0.4,0.75,1.17,0.93,1.34,1.18,1.12,1.51,1.73,1.79,1.31,1.72,1.44,1.34,35.44,C20
Jubarte,185540356190905641659095370097513927918,16/09/2005,OLEO,548.0,1.0139,0.25,0.8,40.97,2.37,0.82,0.38,0.46,0.31,0.28,0.5,0.91,1.48,1.37,1.58,1.52,1.46,1.83,2.07,2.02,1.5,1.93,1.62,1.47,32.09,C20
Jubarte,41158946349869565506638502062651020067,16/09/2005,OLEO,490.0,1.0083,0.24,0.07,41.02,2.36,0.74,0.34,0.45,0.3,0.24,0.43,0.75,1.35,1.18,1.37,1.27,1.19,1.6,1.86,1.92,1.46,1.92,2.07,1.23,34.64,C20
Jubarte,25130493593442003547830732759789688323,21/09/2005,OLEO,539.0,0.9971,0.27,0.03,37.93,2.52,0.87,0.4,0.48,0.28,0.24,0.44,0.7,1.35,1.16,1.27,1.22,1.27,1.67,1.78,1.89,1.81,1.59,1.5,1.4,37.92,C20
Jubarte,66748226835903746043876099263429110077,30/05/2016,OLEO,622.0,0.9907,0.18,0.11,26.65,0.25,0.04,0.03,0.02,0.06,0.06,1.3,0.44,0.82,0.41,0.55,0.96,1.58,2.11,2.43,2.77,2.59,2.33,2.63,2.43,49.26,C20
Jubarte,43236767183951049299083474701126216473,30/08/2004,OLEO,538.0,0.9825,0.07,0.52,37.05,0.45,0.05,0.01,0.03,0.01,0.02,0.98,0.17,0.39,0.19,0.53,0.95,1.31,1.72,1.83,2.14,1.96,1.63,1.69,1.48,44.81,C20
Jubarte,69133398983227829348472770817600924041,13/09/2004,OLEO,538.0,0.9825,0.07,0.52,37.05,0.45,0.05,0.01,0.03,0.01,0.02,0.98,0.17,0.39,0.19,0.53,0.95,1.31,1.72,1.83,2.14,1.96,1.63,1.69,1.48,44.81,C20
Jubarte,41348164376400540645678197365912585876,08/09/2004,OLEO,524.0,0.99,0.24,0.56,21.06,0.12,0.02,0.01,0.01,0.01,0.01,1.28,0.16,0.18,0.07,0.19,0.55,0.95,1.5,1.9,2.22,2.07,2.05,1.89,1.82,61.13,C20
Jubarte,306230781940186680821664926849554785262,13/10/2004,OLEO,571.0,0.9869,0.11,0.38,34.55,0.56,0.1,0.02,0.04,0.02,0.02,1.02,0.19,0.22,0.29,0.57,1.12,1.48,1.94,2.02,2.48,2.11,2.05,1.83,1.82,45.07,C20
Jubarte,26298858634102367095690345852844550765,13/09/2004,OLEO,571.0,0.9869,0.11,0.38,34.55,0.56,0.1,0.02,0.04,0.02,0.02,1.02,0.19,0.22,0.29,0.57,1.12,1.48,1.94,2.02,2.48,2.11,2.05,1.83,1.82,45.07,C20
Jubarte,193145517511854411680249919460875285625,08/07/2013,OLEO,571.0,0.9869,0.11,0.38,34.55,0.56,0.1,0.02,0.04,0.02,0.02,1.02,0.19,0.22,0.29,0.57,1.12,1.48,1.94,2.02,2.48,2.11,2.05,1.83,1.82,45.07,C20
Jubarte,229201604732080536022273174021414962433,12/09/2005,OLEO,544.0,0.9933,0.06,0.51,39.5,0.41,0.03,0.01,0.02,0.04,0.08,0.05,0.03,0.15,0.4,0.67,1.2,1.64,2.17,2.39,2.57,2.27,2.13,1.92,2.03,39.73,C20
Jubarte,256242104105975197485443016146084238430,08/07/2013,OLEO,544.0,0.9933,0.06,0.51,39.5,0.41,0.03,0.01,0.02,0.04,0.08,0.05,0.03,0.15,0.4,0.67,1.2,1.64,2.17,2.39,2.57,2.27,2.13,1.92,2.03,39.73,C20
Jubarte,107453584030518229321501932770083257245,12/09/2005,OLEO,649.0,1.002,0.28,0.06,30.97,0.55,0.14,0.09,0.09,0.06,0.06,0.87,0.21,0.32,0.35,0.59,1.34,1.9,2.7,2.91,3.29,2.95,2.41,2.51,2.35,43.0,C20
Jubarte,217938388932629256310763156133383101654,12/09/2005,OLEO,570.0,0.9948,0.09,0.53,27.43,0.14,0.03,0.01,0.02,0.01,0.01,0.02,0.04,0.13,0.14,0.44,1.21,1.58,2.42,2.56,3.11,2.83,2.43,2.38,2.36,50.08,C20
Jubarte,203726493999737121289644773146332918853,12/09/2005,OLEO,580.0,1.0083,0.6,0.08,26.92,0.9,0.73,0.2,0.26,0.24,0.15,0.41,0.7,0.93,1.1,1.33,1.76,2.11,2.87,2.88,3.16,2.81,2.4,2.35,2.18,42.94,C20
Jubarte,78843761400614802329448239933076615909,30/08/2006,OLEO,570.0,0.9808,0.08,2.26,49.37,1.19,0.14,0.06,0.08,0.03,0.03,0.39,0.22,1.32,0.75,1.16,1.41,1.53,1.5,2.06,1.96,1.7,1.6,1.05,1.39,28.71,C20
Jubarte,8396664455854887152419498270596676870,27/09/2006,OLEO,575.0,1.0049,0.27,0.16,30.18,0.51,0.19,0.04,0.09,0.05,0.05,0.74,0.49,0.27,0.44,0.81,1.41,2.11,3.49,2.65,3.65,3.02,2.62,2.4,2.82,41.55,C20
Jubarte,178152400478108745582665068051897917704,27/09/2006,OLEO,589.0,0.9848,0.15,0.16,48.16,0.87,0.19,0.3,0.18,0.23,0.12,0.97,0.75,0.83,0.97,1.16,1.17,1.23,1.52,1.3,1.5,1.23,1.13,1.24,1.17,33.46,C20
Jubarte,25045106918048337346998561899350925846,30/08/2006,OLEO,577.0,0.9926,0.03,2.54,47.97,1.04,0.05,0.02,0.02,0.01,0.01,0.37,0.15,0.52,0.43,1.21,1.56,1.79,2.39,2.02,2.54,2.12,1.92,1.78,1.79,27.72,C20
Jubarte,273687445663239962067239300421721931535,15/09/2006,OLEO,577.0,0.9926,0.03,2.54,47.97,1.04,0.05,0.02,0.02,0.01,0.01,0.37,0.15,0.52,0.43,1.21,1.56,1.79,2.39,2.02,2.54,2.12,1.92,1.78,1.79,27.72,C20
Jubarte,260843792960810442544388042617385830444,19/08/2005,OLEO,520.0,0.9656,0.05,0.44,50.13,3.3,1.11,0.47,0.65,0.53,0.44,1.21,0.5,2.69,2.62,2.48,2.21,2.1,2.1,1.96,1.75,1.46,1.3,0.91,1.02,18.57,C20
Jubarte,171740620244265298969033461467459228337,12/09/2005,OLEO,761.0,0.9852,0.53,0.01,8.0,1.23,2.35,1.63,2.04,1.73,1.88,3.28,4.05,6.16,4.6,4.1,3.19,3.44,3.3,2.86,3.08,2.43,2.12,2.12,1.84,34.02,C20
Jubarte,127767359063285711944240819012824636577,19/08/2005,OLEO,489.0,0.9627,0.12,0.11,50.64,3.5,0.98,0.25,0.51,0.36,0.35,0.42,0.32,1.35,1.82,1.73,1.76,1.73,1.81,1.67,1.73,1.43,1.23,1.15,0.81,24.22,C20
Jubarte,211064329905340968956956267986049920071,05/02/2009,OLEO,504.0,0.9337,0.52,3.02,56.66,7.62,4.59,0.88,1.83,0.56,1.02,1.08,1.01,1.6,1.54,1.46,1.24,1.14,1.2,0.97,0.9,0.71,0.61,0.59,0.52,8.73,C20
Jubarte,305510477667813774835397582947527308400,11/05/2009,OLEO,373.0,0.773,0.49,2.85,58.42,6.7,4.27,0.78,1.56,0.46,0.88,0.95,1.06,1.68,1.55,1.47,1.2,1.07,1.08,0.86,0.8,0.62,0.53,0.5,0.44,9.77,C20
Jubarte,194786054520301299100869826612817266222,10/02/2009,OLEO,418.0,0.9314,0.49,2.91,55.14,7.25,4.4,0.81,1.74,0.55,1.13,1.2,1.26,1.84,1.64,1.48,1.24,1.13,1.17,0.94,0.87,0.69,0.59,0.57,0.5,10.47,C20
Jubarte,107986697078309497713440069999101192943,10/04/2008,OLEO,477.0,0.9758,0.03,4.49,46.29,2.92,0.22,0.13,0.1,0.04,0.11,0.56,0.26,0.61,0.86,1.14,1.33,1.62,2.14,1.88,1.87,1.57,1.43,1.33,1.2,27.86,C20
Jubarte,56081972821381128333179069865954467036,14/04/2008,OLEO,516.0,0.9876,0.05,5.09,45.85,2.01,0.14,0.12,0.07,0.01,0.11,0.58,0.25,0.51,0.85,1.11,1.47,1.74,2.03,2.27,1.86,1.47,1.21,1.2,0.65,29.35,C20
Jubarte,328784009903212797523929900765112994273,21/11/2007,OLEO,492.0,0.9418,0.55,3.09,56.76,5.63,4.48,0.82,1.58,0.44,0.81,0.82,1.34,2.01,1.81,1.74,1.46,1.33,1.32,1.15,1.04,0.85,0.64,0.63,0.65,9.06,C20
Jubarte,19097953848060709932450899294004396126,25/10/2007,OLEO,412.0,0.931,0.16,3.19,51.39,4.91,1.12,0.59,0.73,0.41,0.47,0.94,1.64,2.54,2.49,2.14,1.97,2.18,2.17,1.9,1.92,1.36,1.09,0.92,0.65,13.12,C20
Jubarte,35645499670906579397569885057902497122,20/09/2005,OLEO,541.0,0.9988,0.2,0.02,39.16,2.39,0.88,0.39,0.52,0.33,0.3,0.64,1.11,1.53,1.27,1.57,1.39,1.42,1.79,1.63,2.12,1.78,1.58,1.42,1.19,35.37,C20
Jubarte,267291332959826179160373808912764785423,20/09/2005,OLEO,577.0,1.0052,0.16,0.06,40.23,2.37,0.92,0.43,0.55,0.39,0.33,0.71,1.22,1.63,1.42,1.56,1.48,1.52,1.9,1.75,2.26,1.88,1.67,1.5,1.29,32.76,C20
Jubarte,81774920262065433119541740049876075600,20/09/2005,OLEO,789.0,1.0156,0.2,0.03,48.33,2.13,0.23,0.02,0.04,0.01,0.01,0.12,0.04,0.06,0.1,0.18,0.5,0.73,0.92,0.87,1.92,2.1,1.12,1.93,1.69,36.72,C20
Jubarte,201157311833412197836804112390996801390,03/12/2004,OLEO,505.0,0.9811,0.21,0.02,41.5,2.35,0.78,0.32,0.4,0.19,0.19,0.31,0.83,2.14,1.3,1.32,1.31,1.44,1.62,1.5,1.65,1.41,1.48,1.32,1.1,35.32,C20
Jubarte,195647788554497266130966629397266568719,03/12/2004,OLEO,556.0,0.9782,0.25,0.41,42.78,2.64,0.58,0.06,0.16,0.03,0.07,0.21,0.4,1.49,0.99,1.1,1.2,1.39,1.73,1.69,1.88,1.74,1.59,1.62,1.56,34.42,C20
Jubarte,17002229219697383118527965649074904887,07/01/2005,OLEO,501.0,0.9922,0.18,0.07,41.15,2.39,0.85,0.36,0.48,0.24,0.24,0.5,0.67,1.62,1.2,1.2,1.15,1.24,1.4,1.3,1.45,1.3,1.14,1.16,1.12,37.6,C20
Jubarte,125643111995098574342546825847231150462,21/06/2012,OLEO,429.0,0.9339,0.53,2.93,56.49,7.06,4.56,0.87,1.86,0.6,0.95,1.25,1.34,1.85,1.63,1.38,1.17,1.05,1.08,0.89,0.88,0.67,0.59,0.58,0.55,9.24,C20
Jubarte,296923645690474991934655080956443335319,21/06/2012,OLEO,414.0,0.9352,0.59,2.91,57.92,7.0,4.46,0.85,1.8,0.58,0.9,1.19,1.25,1.74,1.55,1.33,1.13,1.01,1.04,0.86,0.85,0.65,0.57,0.56,0.53,8.73,C20
Jubarte,83390970632655201295697429161489521079,04/06/2013,OLEO,480.0,0.9382,0.51,3.65,55.13,6.5,4.51,0.9,1.91,0.67,1.04,1.58,1.52,2.03,1.77,1.53,1.29,1.13,1.19,0.95,0.95,0.72,0.64,0.62,0.59,8.68,C20
Jubarte,112633194484265806150306302442193796253,03/06/2013,OLEO,475.0,0.9379,0.5,3.62,55.14,6.47,4.39,0.86,1.83,0.66,1.03,1.56,1.64,2.09,1.79,1.53,1.3,1.15,1.17,0.95,0.95,0.73,0.65,0.62,0.59,8.78,C20
Jubarte,161114665857729737601149874293994615327,04/06/2013,OLEO,451.0,0.936,0.51,3.67,55.84,7.07,4.36,0.86,1.81,0.62,0.97,1.44,1.44,1.9,1.66,1.44,1.22,1.08,1.09,0.9,0.89,0.68,0.6,0.58,0.54,8.83,C20
Jubarte,156063973128680638808195495398601001412,14/05/2012,OLEO,506.0,0.9458,0.48,2.75,55.03,7.1,4.46,0.86,1.88,0.63,1.01,1.39,1.56,2.16,1.91,1.64,1.41,1.31,1.41,1.27,1.14,0.82,0.7,0.69,0.63,7.75,C20
Jubarte,323089276753903127863408553642691663676,14/05/2012,OLEO,502.0,0.9314,0.42,2.46,57.69,6.79,4.08,0.81,1.74,0.59,0.94,1.32,1.42,1.99,1.74,1.48,1.35,1.37,1.64,1.73,1.3,0.82,0.65,0.63,0.56,6.49,C20
Jubarte,211681440947308566833417826361413337216,24/10/2012,OLEO,440.0,0.933,0.45,4.26,54.92,6.61,4.35,0.82,1.8,0.62,0.99,1.4,1.48,2.0,1.71,1.44,1.21,1.05,1.09,0.9,0.89,0.68,0.6,0.59,0.55,9.59,C20
Jubarte,139377226096796865300284364247011752617,05/07/2012,OLEO,445.0,0.9331,0.48,3.86,55.65,7.06,4.36,0.82,1.75,0.57,0.91,1.25,1.39,1.9,1.66,1.4,1.19,1.03,1.07,0.88,0.87,0.66,0.59,0.58,0.54,9.53,C20
Jubarte,178084162193717853593556566710326832390,27/06/2014,OLEO,509.0,0.9269,2.19,2.96,56.82,6.24,4.3,0.8,1.91,0.62,0.96,1.27,1.44,1.77,1.57,1.36,1.31,1.42,1.79,1.79,1.21,0.74,0.6,0.57,0.54,5.81,C20
Jubarte,296826016085632408486852580520512676834,27/06/2014,OLEO,551.0,0.9482,1.16,2.83,52.23,6.66,4.7,0.84,2.08,0.66,1.04,1.33,1.79,2.25,2.03,1.8,1.63,1.58,1.78,1.64,1.34,0.94,0.81,0.78,0.75,7.35,C20
Jubarte,299086089591684486948488936868133029670,26/06/2014,OLEO,503.0,0.9362,0.45,3.34,57.26,7.14,4.55,0.82,1.99,0.62,0.94,1.12,1.43,1.84,1.67,1.52,1.27,1.12,1.13,0.92,0.92,0.72,0.64,0.62,0.6,7.37,C20
Jubarte,151224137993620150879131673374322072788,21/11/2013,OLEO,500.0,0.9403,0.47,3.61,55.42,7.04,4.41,0.81,1.98,0.65,1.04,1.33,1.66,2.02,1.79,1.54,1.31,1.16,1.18,0.97,0.97,0.75,0.67,0.66,0.64,7.92,C20
Jubarte,161181259545907481619938124861870597333,10/07/2013,OLEO,435.0,0.9334,0.34,0.22,40.11,7.83,6.25,1.32,2.9,1.06,1.61,1.92,2.26,2.46,2.02,1.67,1.57,1.52,1.72,1.75,1.36,0.91,0.77,0.72,0.66,17.06,C20
Jubarte,34115657368250053579313727486181364389,21/11/2013,OLEO,520.0,0.9445,0.41,3.19,56.08,6.98,4.41,0.83,2.04,0.69,1.1,1.42,1.74,2.09,1.83,1.57,1.35,1.19,1.21,0.99,0.99,0.77,0.68,0.67,0.65,7.12,C20
Jubarte,329175448232137882648954308094151715875,10/07/2013,OLEO,561.0,0.9696,0.24,0.23,36.58,7.56,6.16,1.29,2.87,1.07,1.65,2.07,2.55,2.82,2.37,1.98,1.99,2.09,2.49,2.81,1.95,1.19,0.97,0.89,0.81,15.36,C20
Jubarte,335236532050892928905038542817777111022,25/10/2012,OLEO,464.0,0.9341,0.41,2.5,61.11,6.35,4.28,0.84,1.75,0.6,0.95,1.32,1.39,1.86,1.57,1.3,1.12,0.97,1.02,0.87,0.82,0.61,0.53,0.51,0.49,6.83,C20
Jubarte,302886351810513354022349863424562666348,03/07/2013,OLEO,415.0,0.9257,0.5,3.08,55.44,6.87,4.47,0.88,1.82,0.63,0.96,1.27,1.38,1.78,1.59,1.35,1.14,1.02,1.03,0.86,0.85,0.65,0.58,0.56,0.53,10.76,C20
Jubarte,287658318728823452984325277478303339285,04/09/2013,OLEO,551.0,0.946,0.46,3.35,54.5,6.99,4.41,0.82,2.03,0.69,1.11,1.42,1.85,2.2,1.94,1.69,1.45,1.28,1.31,1.08,1.08,0.84,0.75,0.74,0.72,7.28,C20
Jubarte,164724959236051142380084418496429914917,16/06/2014,OLEO,486.0,0.937,0.57,2.84,52.77,6.62,4.22,0.77,1.97,0.65,1.04,1.3,1.7,2.06,1.83,1.6,1.52,1.7,2.12,1.91,1.34,0.88,0.74,0.71,0.68,8.46,C20
Jubarte,69007452843243424250052071855316034308,08/10/2014,OLEO,518.0,0.945,0.46,3.54,55.52,6.23,4.53,0.82,2.01,0.64,0.99,1.22,1.61,2.03,1.88,1.74,1.4,1.24,1.27,1.04,1.04,0.81,0.72,0.71,0.69,7.86,C20
Jubarte,309844681531730079981392416166557751726,08/10/2014,OLEO,513.0,0.9442,0.5,3.54,54.56,6.99,4.42,0.8,2.02,0.66,1.05,1.33,1.67,2.06,1.87,1.73,1.39,1.23,1.26,1.03,1.03,0.81,0.72,0.7,0.69,7.94,C20
Jubarte,41139481741841201602395118166312390015,05/12/2005,OLEO,579.0,0.9964,0.29,0.07,39.24,2.19,0.85,0.34,0.5,0.28,0.32,1.29,1.35,1.6,2.25,1.93,1.91,2.07,2.28,2.35,2.41,1.97,1.69,1.66,1.46,29.71,C20
Jubarte,80023150189376400856491397828775969954,11/12/2014,OLEO,471.0,0.9354,0.47,3.19,54.53,7.1,4.58,0.85,2.16,0.72,1.19,1.55,1.87,2.18,1.62,1.35,1.19,1.03,1.11,0.92,0.89,0.7,0.58,0.63,0.57,9.02,C20
Jubarte,225132587736039360069496415221410803652,14/05/2015,OLEO,469.0,0.9355,0.46,5.26,54.21,6.95,4.38,0.77,1.9,0.64,1.02,1.24,1.68,2.02,1.61,1.33,1.13,1.02,1.07,0.89,0.88,0.68,0.57,0.6,0.55,9.13,C20
Jubarte,338947771412230357950004210929628234109,21/06/2012,OLEO,512.0,0.9347,0.62,3.03,58.69,7.72,4.66,0.85,1.84,0.56,0.94,1.2,1.31,1.84,1.65,1.41,1.21,1.06,1.1,0.93,0.9,0.68,0.59,0.58,0.53,6.11,C20
Jubarte,272096379281376904042787834288269589190,11/12/2014,OLEO,420.0,0.9267,0.45,3.36,54.56,5.79,4.95,1.01,2.48,0.87,1.38,1.66,1.73,2.01,1.5,1.22,1.05,0.95,1.01,0.82,0.79,0.62,0.51,0.53,0.5,10.24,C20
Jubarte,322225462171035119288442403825138770291,15/12/2004,OLEO,428.0,1.0093,0.12,0.24,52.94,1.14,0.14,0.12,0.2,0.3,0.19,0.85,1.51,3.07,2.79,2.87,2.29,2.25,2.26,2.08,1.98,1.77,1.29,1.29,1.13,17.18,C20
Jubarte,47594660169199092771764548948260743571,15/12/2004,OLEO,529.0,1.0282,0.12,0.04,46.6,1.05,0.05,0.01,0.02,0.01,0.01,0.13,0.05,0.37,0.4,0.96,1.61,2.09,2.68,2.49,3.14,2.9,2.56,2.6,2.25,27.86,C20
Jubarte,86637870016110971605486392928346061592,07/01/2005,OLEO,554.0,1.0017,0.22,0.02,40.47,2.42,0.79,0.3,0.34,0.14,0.11,0.18,0.42,1.51,0.69,1.0,1.08,1.58,1.98,2.21,2.37,2.13,1.83,1.94,1.72,34.55,C20
Jubarte,217270015919131492929914348613965699785,07/01/2005,OLEO,579.0,0.9988,0.19,0.01,39.85,2.35,0.86,0.34,0.37,0.16,0.29,0.26,0.52,2.21,0.97,1.2,1.34,1.73,1.67,1.97,1.88,1.58,1.7,1.49,1.35,35.71,C20
Jubarte,69304811670765827399690095523929804647,29/11/2004,OLEO,516.0,0.982,0.3,0.05,39.75,2.43,0.74,0.33,0.44,0.27,0.24,1.31,1.02,1.58,1.33,1.3,1.26,1.37,1.62,1.66,1.72,1.39,1.39,1.05,1.17,36.28,C20
Jubarte,136487783333051305542212890195914097135,29/11/2004,OLEO,554.0,0.9855,0.24,0.08,40.38,2.36,0.7,0.34,0.4,0.27,0.24,1.43,1.17,1.84,1.32,1.39,1.26,1.58,1.75,1.82,1.94,1.58,1.59,1.2,1.34,33.77,C20
Marlim,42213733584951252302108615898355098256,17/09/2010,OLEO,399.0,0.9458,0.25,1.27,36.3,5.68,7.07,1.07,2.95,0.91,1.61,1.97,2.61,3.08,2.64,2.32,2.0,1.88,1.81,1.61,1.47,1.19,1.02,1.03,0.94,17.33,C20
Marlim,162458388504711814496050881637925997490,04/10/2005,OLEO,514.0,1.0143,0.16,0.06,44.62,4.45,4.09,0.73,2.03,0.77,1.1,1.48,2.38,2.81,2.33,2.11,1.87,2.06,1.95,1.53,1.77,1.33,1.53,1.22,0.79,16.83,C20
Marlim,129070246422454693564619507085372816881,04/01/2008,OLEO,569.0,0.9893,0.12,0.07,46.35,3.69,2.88,0.54,1.59,0.3,1.36,2.26,2.3,3.48,2.79,2.02,2.2,2.05,2.11,1.93,1.55,1.32,1.36,0.95,0.77,16.0,C20
Marlim,75147627801909286333399892861230842429,29/12/2005,OLEO,505.0,0.9918,0.37,0.09,51.45,2.92,2.42,0.44,0.98,0.32,0.46,0.53,0.61,0.69,1.05,1.38,1.5,1.63,2.25,1.48,1.8,1.38,1.49,1.24,0.78,22.75,C20
Marlim,187350115642510342026779396604749526276,08/11/2005,OLEO,563.0,1.0432,0.26,0.09,46.15,4.27,3.68,0.62,1.72,0.7,0.95,1.28,1.99,2.96,2.43,2.27,1.86,1.7,1.85,1.79,1.78,1.26,1.45,1.14,0.78,17.01,C20
Marlim,45498472185946691319538524675177564941,30/05/2008,OLEO,574.0,0.9956,0.11,0.04,47.34,2.88,2.2,0.45,1.16,0.42,1.29,1.43,2.35,2.01,2.47,2.29,1.98,2.0,2.12,1.83,1.84,1.39,1.01,1.25,1.08,19.07,C20
Marlim,168186296394413782352263905931740361044,15/09/2004,OLEO,506.0,0.982,0.28,0.08,45.95,4.54,3.59,0.98,1.5,0.73,0.8,1.14,1.72,2.39,2.48,2.06,1.82,1.73,1.72,1.61,1.61,1.26,1.08,1.01,1.0,18.91,C20
Marlim,216590671170445234575932297076638269061,15/09/2004,OLEO,533.0,0.9905,0.19,0.08,46.51,4.0,3.02,0.81,1.19,0.61,0.74,0.99,1.67,2.43,2.54,2.2,1.95,1.88,1.89,1.77,1.78,1.41,1.22,1.23,1.05,18.85,C20
Marlim,125717721556163468638961194786702537188,06/12/2005,OLEO,468.0,0.9542,0.2,0.07,44.34,4.03,3.71,0.64,1.51,0.53,0.8,1.37,1.55,2.44,2.24,2.09,2.08,1.8,2.15,3.83,2.33,1.76,1.12,0.9,0.62,17.88,C20
Marlim,303313578085567448815567513570883533103,06/12/2005,OLEO,468.0,0.9542,0.13,0.04,29.41,2.67,2.48,0.44,1.1,0.49,0.81,1.75,2.14,3.43,3.18,2.97,2.96,2.55,3.05,5.44,3.31,2.5,1.59,1.28,0.88,25.4,C20
Marlim,257748069996914371900267696446243140077,24/05/2018,OLEO,470.0,0.953,0.27,1.32,36.57,9.39,7.13,1.02,3.04,0.88,1.45,1.63,2.29,2.9,2.49,2.19,1.92,1.79,1.81,1.55,1.47,1.16,1.01,1.03,0.92,14.78,C20
Marlim,208873496371699835900446653404121634543,16/04/2019,OLEO,470.0,0.953,0.27,1.32,36.57,9.39,7.13,1.02,3.04,0.88,1.45,1.63,2.29,2.9,2.49,2.19,1.92,1.79,1.81,1.55,1.47,1.16,1.01,1.03,0.92,14.78,C20
Marlim,185387374348302484583861149164942516771,16/04/2019,OLEO,470.0,0.953,0.27,1.32,36.57,9.39,7.13,1.02,3.04,0.88,1.45,1.63,2.29,2.9,2.49,2.19,1.92,1.79,1.81,1.55,1.47,1.16,1.01,1.03,0.92,14.78,C20
Marlim,189153417381393118816992077287214257484,25/05/2018,OLEO,445.0,0.9061,0.34,2.75,56.21,9.29,5.37,0.93,2.23,0.71,1.13,1.32,1.44,1.85,1.56,1.28,1.08,0.96,0.99,1.21,0.86,1.14,0.69,0.68,0.54,5.44,C20
MarlimLeste,131694208829697192648003555459809566115,23/11/2005,OLEO,509.0,1.0146,0.14,0.02,41.93,0.99,0.29,0.07,0.16,0.07,0.07,0.21,0.15,0.24,0.34,0.77,1.02,1.23,1.52,1.84,2.14,1.89,1.51,1.64,1.37,40.39,C20
MarlimLeste,205843173498186802605837263245765134516,23/11/2005,OLEO,527.0,1.0122,0.18,0.02,41.72,0.9,0.3,0.2,0.23,0.13,0.12,0.17,0.2,0.27,0.64,0.8,0.92,1.34,1.54,1.58,1.82,1.21,1.82,1.53,1.26,41.09,C20
MarlimLeste,209554952210828168482929719113716787378,23/11/2005,OLEO,523.0,1.0067,0.07,0.1,48.42,0.71,0.36,0.08,0.19,0.05,0.1,0.13,0.16,0.16,0.12,0.49,0.61,1.1,1.4,1.37,1.71,1.45,1.2,1.37,0.78,37.87,C20
MarlimLeste,69519705668841261737365937338863259638,02/03/2006,OLEO,556.0,0.943,0.56,1.08,40.61,7.59,6.12,0.95,2.21,0.68,0.98,1.49,1.86,2.86,2.8,2.5,2.17,1.92,1.93,1.8,1.63,1.29,1.06,1.07,0.9,13.95,C20
MarlimLeste,198204847923852839325485528827852558854,02/03/2006,OLEO,496.0,0.9366,0.59,1.19,40.23,7.68,6.22,1.0,2.34,0.7,0.98,1.22,1.33,2.17,2.25,2.32,2.25,2.03,2.07,1.93,1.76,1.39,1.16,1.15,0.98,15.07,C20
MarlimLeste,246614458565471835641298478476895901622,21/12/2005,OLEO,420.0,0.9412,0.38,0.53,37.51,7.52,6.13,1.02,2.38,0.72,1.07,1.69,1.84,2.88,2.65,2.37,2.12,1.85,1.85,1.76,1.54,1.26,1.03,1.04,0.88,17.98,C20
MarlimLeste,329131539789717001832853731987522914934,06/02/2006,OLEO,493.0,0.942,0.52,0.52,38.46,7.25,5.92,0.92,1.97,0.51,0.63,1.2,1.59,2.88,2.82,2.68,2.42,2.12,2.17,1.89,1.9,1.43,1.18,1.19,1.01,16.81,C20
MarlimLeste,209396457054885899920132628058559652327,03/08/2007,OLEO,528.0,0.9682,0.11,0.02,36.89,6.81,4.57,1.03,1.99,0.51,1.13,1.57,4.2,4.06,1.88,2.4,1.99,1.81,1.92,1.63,1.62,1.27,1.0,1.11,1.05,19.44,C20
MarlimLeste,212402586295192084018193306249265068068,03/08/2007,OLEO,457.0,0.9517,0.08,0.59,39.22,7.64,4.6,0.93,2.08,0.5,1.31,1.91,1.66,4.12,2.03,2.64,2.25,2.11,2.19,1.88,1.81,1.39,1.03,1.07,1.03,15.94,C20
MarlimLeste,19405464291401344116966114636944079270,03/08/2007,OLEO,546.0,0.9726,0.14,0.53,39.01,7.27,4.48,0.94,2.03,0.5,1.4,2.16,1.87,4.57,2.19,2.83,2.38,2.17,2.23,1.9,1.86,1.46,1.11,1.18,1.13,14.67,C20
MarlimLeste,175186074939165199342977621094797994271,22/11/2012,OLEO,500.0,0.9644,0.69,0.68,31.58,6.59,6.92,1.12,3.08,1.06,1.81,1.79,3.63,4.08,3.46,3.04,2.62,2.32,2.35,1.92,1.89,1.41,1.23,1.24,1.09,14.41,C20
MarlimLeste,243684653512715496193520279476284662998,13/07/2012,OLEO,567.0,0.983,0.32,0.24,38.94,3.63,3.42,1.18,1.73,0.78,0.99,1.9,2.76,3.65,3.27,2.73,2.3,2.15,2.18,1.94,1.9,1.39,1.17,1.29,1.11,19.02,C20
MarlimLeste,192816366900513762827945443579943627014,03/12/2012,OLEO,456.0,0.9475,0.66,0.36,34.89,7.36,7.39,1.26,3.23,1.1,1.82,2.44,3.3,3.74,3.1,2.68,2.25,1.98,1.95,1.57,1.54,1.15,1.0,0.99,0.88,13.37,C20
MarlimLeste,260384568954672742049375497422621115657,19/11/2012,OLEO,466.0,0.9614,0.76,0.36,33.69,7.74,7.15,1.16,3.11,1.06,1.8,2.51,3.45,4.0,3.34,2.86,2.45,2.22,2.32,2.02,1.81,1.26,1.07,1.07,0.94,11.84,C20
MarlimLeste,148355833872292686566403981796551247807,12/09/2005,OLEO,639.0,1.0088,0.09,0.02,47.94,0.54,0.08,0.01,0.04,0.01,0.95,0.06,0.09,0.13,0.15,0.61,1.11,1.6,1.88,2.16,2.29,2.14,1.65,1.72,1.53,33.2,C20
MarlimLeste,186866734113488650760930295679611857033,12/09/2005,OLEO,580.0,1.0066,0.16,0.03,41.11,1.81,1.77,0.64,0.96,0.35,0.43,0.45,0.38,1.73,2.13,2.17,2.12,2.27,2.35,2.19,2.34,2.0,1.53,1.56,1.43,28.09,C20
MarlimLeste,146603222212805722869372929480884406795,21/09/2005,OLEO,468.0,1.0091,0.24,0.03,44.21,3.47,3.17,3.52,1.18,0.37,0.51,0.67,1.13,1.69,1.33,1.87,1.5,1.48,1.97,1.28,1.55,1.29,1.15,1.07,0.65,24.68,C20
MarlimLeste,115624730308220315912775563602991301982,19/09/2005,OLEO,475.0,1.0119,0.2,0.02,45.68,2.28,1.84,0.3,0.69,0.22,0.29,0.41,0.7,1.12,1.15,1.4,1.35,1.43,2.03,1.36,1.74,1.57,1.33,1.2,1.01,30.68,C20
MarlimLeste,274946307255434514260473956311488209468,19/09/2005,OLEO,459.0,1.0069,0.2,0.01,44.46,3.84,3.34,0.55,1.35,0.47,0.68,0.87,1.37,1.85,1.73,1.55,1.46,1.44,1.94,1.27,1.55,1.29,1.15,1.17,0.77,25.7,C20
MarlimLeste,179181422440662837287105178659567946745,19/09/2005,OLEO,475.0,1.0117,0.18,0.02,45.6,2.28,1.98,0.33,0.76,0.23,0.33,0.42,0.74,1.27,1.16,1.63,1.41,1.45,2.04,1.36,1.68,1.45,1.23,1.18,0.81,30.45,C20
MarlimLeste,149519384204828233464194267686478216859,19/09/2005,OLEO,429.0,1.0094,0.16,0.01,43.45,2.18,1.84,0.26,0.69,0.19,0.25,0.33,0.57,0.94,0.97,1.19,1.2,1.27,1.81,1.22,1.57,1.49,1.23,1.27,0.95,34.97,C20
MarlimLeste,21852735211559937397394798118841696532,19/09/2005,OLEO,437.0,1.0041,0.01,0.15,45.57,1.68,1.86,0.35,0.87,0.3,0.44,0.56,0.82,1.17,0.83,0.95,0.92,1.17,1.94,1.41,1.78,1.58,1.47,1.35,0.95,31.87,C20
MarlimLeste,95860781550940914975514880848913259766,23/11/2005,OLEO,592.0,1.0149,0.13,0.05,41.24,0.23,0.08,0.02,0.03,0.01,0.01,0.15,0.3,0.19,0.36,0.47,0.72,1.07,1.52,1.76,1.77,1.71,1.5,1.62,1.47,43.6,C20
MarlimLeste,281737807871162304796804931799471727588,12/09/2005,OLEO,40.4,0.9405,0.53,0.88,39.92,7.33,5.95,0.92,2.02,0.47,0.67,1.67,1.67,2.77,2.49,2.21,1.9,1.79,1.66,1.54,1.35,1.1,0.84,0.85,0.7,18.77,C20
MarlimLeste,158930744151956927647898937073955251178,12/09/2005,OLEO,398.0,0.942,0.52,0.68,38.35,7.51,5.91,0.91,2.12,0.91,1.53,1.88,1.92,2.85,2.45,2.15,1.84,1.74,1.6,1.48,1.3,1.05,0.8,0.8,0.66,19.03,C20
MarlimLeste,183221813850273757377019833453588201014,05/12/2005,OLEO,507.0,0.9409,0.7,0.35,40.06,8.33,6.23,1.08,2.19,0.77,1.18,0.89,1.83,3.07,2.79,2.52,2.22,2.05,2.03,1.63,1.64,1.26,1.0,1.01,0.85,14.31,C20
MarlimLeste,186128456290877219666822771666391540071,13/09/2010,OLEO,501.0,0.9497,0.46,1.3,40.6,7.61,6.0,0.96,2.62,0.64,1.73,1.74,2.37,2.9,2.54,2.19,1.94,1.93,2.12,2.14,1.79,1.31,1.09,1.01,0.93,12.07,C20
MarlimLeste,276692368178537243022663308409678965381,13/10/2010,OLEO,501.0,0.9497,0.46,1.3,40.6,7.61,6.0,0.96,2.62,0.64,1.73,1.74,2.37,2.9,2.54,2.19,1.94,1.93,2.12,2.14,1.79,1.31,1.09,1.01,0.93,12.07,C20
MarlimLeste,76807683507814706523155612472632381509,20/03/2009,OLEO,422.0,0.9491,0.62,1.91,40.55,3.43,6.48,1.13,2.58,0.83,1.97,1.69,2.08,2.8,2.57,2.32,1.99,1.84,1.78,1.49,1.39,1.09,0.94,0.94,0.79,16.8,C20
MarlimLeste,320868255118314172569665665688137542159,27/03/2015,OLEO,533.0,1.0034,0.08,0.06,49.56,1.05,0.14,0.02,0.05,0.01,0.02,0.05,0.07,0.16,0.13,0.09,0.32,0.86,1.32,1.64,1.58,2.17,1.4,1.66,1.26,36.29,C20
MarlimLeste,93169396852367241785528474503205529803,28/11/2013,OLEO,493.0,0.9494,0.45,1.15,38.03,7.01,5.75,0.99,2.74,0.94,1.46,1.84,2.57,2.9,2.52,2.2,2.15,2.41,3.2,3.38,2.21,1.32,1.07,1.03,0.93,11.74,C20
MarlimLeste,74544181132560510019518660434277651800,28/11/2013,OLEO,482.04,0.9704,0.48,1.23,40.54,7.47,6.13,1.05,2.92,1.0,1.56,1.96,2.74,3.09,2.69,2.35,2.06,1.81,1.6,1.42,1.25,1.11,1.0,0.91,0.84,12.8,C20
MarlimLeste,158938802676149639773570867383174996107,28/11/2013,OLEO,574.0,0.9622,0.5,1.1,38.77,7.16,5.86,1.01,2.82,0.99,1.54,1.99,2.86,3.21,2.8,2.42,2.2,2.24,2.7,2.64,1.97,1.32,1.12,1.11,1.01,10.66,C20
MarlimLeste,328294543869345819280387679732222558319,28/11/2013,OLEO,566.0,0.9757,0.52,1.14,40.31,7.44,6.09,1.05,2.94,1.03,1.6,2.07,2.97,3.34,2.91,2.51,2.21,1.94,1.72,1.52,1.34,1.19,1.07,0.97,0.89,11.24,C20
MarlimLeste,138433769049714597086122252716881419245,25/03/2014,OLEO,486.0,0.9522,0.49,1.46,40.8,7.06,5.99,1.01,2.84,0.97,1.53,1.9,2.67,3.0,2.61,2.29,1.96,1.76,1.78,1.49,1.49,1.15,1.04,1.06,0.97,12.7,C20
MarlimLeste,108174767817700820255948926998339422299,28/11/2013,OLEO,537.0,0.954,0.52,1.15,38.87,7.35,5.87,1.01,2.81,0.97,1.51,1.91,2.68,3.02,2.65,2.3,2.14,2.25,2.79,2.81,2.02,1.35,1.01,1.06,0.96,10.97,C20
MarlimLeste,16209988106018030546443126087882222809,28/11/2013,OLEO,528.0,0.9697,0.54,1.21,40.68,7.69,6.15,1.06,2.94,1.01,1.58,2.0,2.81,3.17,2.77,2.41,2.12,1.86,1.64,1.45,1.28,1.14,1.02,0.93,0.86,11.68,C20
MarlimLeste,144970366349712836535836976801075040507,30/03/2015,OLEO,497.0,0.9608,0.45,1.41,38.81,7.59,6.27,1.06,3.01,1.1,1.71,2.1,3.16,3.38,2.63,2.15,1.84,1.7,1.77,1.49,1.45,1.13,0.97,1.04,0.89,12.9,C20
MarlimLeste,292367933557890849371820695971950613,23/11/2005,OLEO,555.0,1.0135,0.08,0.08,50.42,0.05,0.45,0.02,0.14,0.07,0.09,0.24,0.35,0.15,0.38,0.93,1.19,1.48,1.74,1.85,1.74,1.59,1.45,1.45,1.32,32.74,C20
MarlimLeste,209834939072343401894293008809141213607,03/09/2004,OLEO,517.0,0.9878,0.22,0.05,45.75,2.35,2.16,0.34,0.99,0.24,0.4,0.67,0.88,0.88,1.1,0.67,0.64,1.09,1.43,1.42,1.63,1.41,1.21,1.27,1.07,32.14,C20
MarlimLeste,151710174714350475459926246220086108520,03/08/2004,OLEO,524.0,0.986,0.18,0.08,45.15,2.69,2.8,0.51,1.36,0.24,0.52,0.63,0.77,0.75,1.32,0.64,0.46,0.9,1.29,1.31,1.55,1.34,1.15,1.23,1.02,32.11,C20
MarlimLeste,208648440710677475786864048682116231513,07/10/2004,OLEO,536.0,0.9998,0.15,0.04,46.62,1.97,1.41,0.42,0.62,0.29,0.8,0.5,0.85,1.38,1.24,1.3,1.38,1.69,1.91,1.75,1.97,1.65,1.44,1.46,1.26,27.9,C20
MarlimLeste,83477392049708731864872936017239341565,06/10/2004,OLEO,556.0,0.9998,0.13,0.04,47.95,1.74,1.05,0.29,0.36,0.16,0.56,0.33,0.71,1.06,0.93,1.15,1.27,1.62,1.85,1.71,1.95,1.65,1.45,1.48,1.28,29.28,C20
MarlimLeste,305058727465677528504828524414805717084,12/09/2005,OLEO,410.0,0.956,0.31,0.03,42.7,5.25,4.48,0.68,1.56,0.64,1.0,1.32,1.25,2.31,2.16,1.97,1.75,1.72,1.62,1.55,1.38,1.16,0.86,0.86,0.73,22.71,C20
MarlimLeste,266684421474551488689943452992431814661,13/03/2007,OLEO,648.0,1.0144,0.14,0.04,45.4,2.4,2.07,0.34,0.88,0.3,0.43,0.83,1.28,1.94,1.99,2.28,2.05,2.22,2.57,2.32,2.5,2.13,1.95,1.93,1.84,20.18,C20
MarlimLeste,43253927416793269552289097654667689411,13/03/2007,OLEO,638.0,1.0201,0.13,0.08,41.6,1.45,0.84,0.12,0.35,0.09,0.16,0.51,0.9,1.54,1.69,2.33,1.85,2.27,2.73,2.54,2.76,2.42,2.24,2.2,2.13,27.07,C20
MarlimLeste,257836037773370582995789480701003862544,12/03/2007,OLEO,632.0,1.0174,0.07,0.07,44.36,1.72,1.58,0.29,0.65,0.23,0.3,1.0,1.29,1.96,1.94,2.27,1.97,2.58,2.18,2.31,2.49,2.3,2.07,1.68,1.88,22.8,C20
MarlimLeste,205576682816167910460918928597133562233,12/09/2005,OLEO,369.0,1.014,0.05,0.04,50.52,1.83,1.43,0.22,0.73,0.3,0.43,0.5,0.3,1.29,1.92,1.86,1.86,1.97,2.14,1.92,2.09,1.81,1.39,1.4,1.3,22.7,C20
MarlimLeste,34689116315887796200847627944787803107,12/09/2005,OLEO,517.0,1.0095,0.09,0.05,48.13,1.79,1.49,0.24,0.49,0.37,1.14,0.46,0.37,1.57,2.19,1.92,1.81,1.91,1.96,1.8,1.9,1.61,1.42,1.07,1.14,25.08,C20
MarlimLeste,161790664970292596745752500853562191928,12/09/2005,OLEO,507.0,1.0089,0.09,0.03,46.53,1.91,1.54,0.41,0.7,0.26,0.31,0.41,0.32,1.42,2.04,1.86,1.79,1.86,2.04,1.83,2.04,1.65,1.29,1.33,1.22,27.12,C20
MarlimLeste,329852260908581188026084850890482456873,20/09/2005,OLEO,520.0,1.0047,0.06,0.04,49.07,1.61,0.86,0.19,0.39,0.14,0.18,0.27,0.39,0.79,0.75,1.11,1.15,1.25,1.59,1.65,1.7,1.58,1.15,1.37,0.12,32.58,C20
MarlimLeste,27228563537906206336326231733980560988,19/09/2005,OLEO,593.0,1.0252,0.04,0.14,51.5,1.02,0.34,0.03,0.11,0.04,0.04,0.14,0.12,0.33,0.56,0.68,1.06,1.3,1.76,1.73,2.17,2.15,1.01,1.66,1.45,30.62,C20
MarlimLeste,194863139422335180601784024019377273855,15/09/2005,OLEO,447.0,1.0021,0.4,0.02,39.79,5.98,5.65,1.0,2.43,0.88,1.3,1.71,1.81,3.57,2.47,2.19,1.96,1.8,2.24,1.47,1.68,1.23,1.34,1.11,0.65,17.31,C20
MarlimLeste,54497192881501951082266999307209339615,15/09/2005,OLEO,462.0,0.9939,0.42,0.01,40.37,6.06,5.58,0.97,2.39,0.85,1.26,1.9,1.77,3.43,2.32,2.03,1.81,1.64,2.05,1.34,1.54,1.14,1.25,1.0,0.6,18.28,C20
MarlimLeste,86295534668317920354801203573401919304,15/09/2005,OLEO,428.0,0.9957,0.45,0.01,40.52,6.1,5.46,0.93,2.29,0.79,1.15,1.45,1.56,3.09,2.22,1.98,1.81,1.64,2.03,1.33,1.53,1.14,1.21,1.03,0.61,19.67,C20
MarlimLeste,272404137306616743640831618350876528062,15/09/2005,OLEO,407.0,1.0025,0.47,0.01,41.39,5.9,5.46,0.94,2.26,0.81,1.17,1.7,1.71,3.3,2.33,2.07,1.86,1.71,2.13,1.42,1.61,1.19,1.27,1.06,0.63,17.59,C20
MarlimLeste,296116809401649152646918041954886708414,19/09/2005,OLEO,495.0,1.0288,0.46,0.01,40.04,6.02,5.37,0.95,2.38,0.89,1.36,1.79,1.96,3.83,2.64,2.32,2.05,1.87,2.33,1.54,1.77,1.3,1.42,1.16,0.68,15.85,C20
MarlimLeste,254081445570934441595315373238417238402,15/09/2005,OLEO,424.0,0.9951,0.48,0.01,41.12,6.11,5.37,0.92,2.23,0.78,1.13,1.43,1.58,3.15,2.26,2.03,1.83,1.66,2.08,1.38,1.58,1.17,1.25,1.04,0.61,18.8,C20
MarlimLeste,124451525622774346355199987282177912583,02/07/2012,OLEO,552.0,1.0036,0.08,0.03,49.7,1.24,0.14,0.01,0.07,0.04,0.04,0.06,0.1,0.25,0.45,0.71,0.93,1.26,1.5,1.6,1.75,1.6,1.32,1.48,1.44,34.19,C20
MarlimLeste,273472137201388654146706221578663935421,04/07/2012,OLEO,552.0,1.0036,0.08,0.03,49.7,1.24,0.14,0.01,0.07,0.04,0.04,0.06,0.1,0.25,0.45,0.71,0.93,1.26,1.5,1.6,1.75,1.6,1.32,1.48,1.44,34.19,C20
MarlimLeste,95203540665462412953340369399533503259,04/07/2012,OLEO,552.0,1.0036,0.08,0.03,49.7,1.24,0.14,0.01,0.07,0.04,0.04,0.06,0.1,0.25,0.45,0.71,0.93,1.26,1.5,1.6,1.75,1.6,1.32,1.48,1.44,34.19,C20
MarlimLeste,93000825888343292228076461847136507465,06/12/2018,OLEO,488.0,0.9357,0.49,0.06,53.26,6.76,5.57,1.0,2.37,0.79,1.13,1.45,2.02,2.48,2.07,1.67,1.39,1.23,1.25,1.22,1.09,1.06,0.82,0.83,0.68,9.31,C20
MarlimLeste,61584568338915930595547241940293443568,15/09/2005,OLEO,476.0,1.0043,0.11,0.03,48.08,0.97,0.15,0.02,0.05,0.08,0.05,0.06,0.04,0.05,0.1,0.15,0.48,0.83,1.13,1.27,1.42,0.93,1.39,1.22,0.71,40.68,C20
MarlimLeste,127483689261959262790955686997003552246,16/09/2005,OLEO,525.0,1.0067,0.1,0.03,49.43,1.28,0.11,0.01,0.03,0.07,0.04,0.04,0.03,0.02,0.09,0.23,0.53,0.77,1.29,1.43,1.81,0.84,1.36,1.42,1.02,38.02,C20
MarlimLeste,82406285616795062993400501184793717900,03/06/2020,OLEO,473.0,0.9458,0.55,0.83,36.78,7.16,6.45,1.05,3.12,1.07,1.72,2.32,2.92,3.35,2.55,2.18,1.88,1.58,1.69,1.38,1.41,1.07,0.97,1.0,0.88,16.09,C20
MarlimSul,159359640542556589333367426402485509246,10/07/2013,OLEO,561.0,1.011,0.08,0.25,47.88,1.37,0.65,0.11,0.36,0.08,0.19,0.28,0.66,0.66,0.76,1.07,1.28,1.5,1.88,1.74,1.97,1.64,1.48,1.59,1.54,30.98,C20
MarlimSul,17698686945205369320686955425328596805,10/07/2013,OLEO,561.0,1.011,0.08,0.25,47.89,1.37,0.65,0.11,0.36,0.08,0.19,0.27,0.66,0.66,0.76,1.07,1.28,1.5,1.88,1.74,1.97,1.64,1.48,1.59,1.54,30.99,C20
MarlimSul,153203566932737163949989754211572521889,10/07/2013,OLEO,533.0,1.003,0.08,0.05,50.99,1.21,0.62,0.12,0.38,0.04,0.13,0.41,0.78,0.87,1.04,1.26,1.34,1.49,1.72,1.61,1.71,1.48,1.31,1.42,1.29,28.65,C20
MarlimSul,338038151436914745386076790644528406438,10/07/2013,OLEO,533.0,1.003,0.08,0.05,50.99,1.21,0.62,0.12,0.38,0.04,0.13,0.4,0.78,0.87,1.04,1.26,1.34,1.49,1.72,1.61,1.71,1.48,1.31,1.42,1.29,28.66,C20
MarlimSul,336133704757204851468475157306205683949,10/07/2013,OLEO,543.0,1.005,0.12,0.28,51.8,1.27,0.73,0.15,0.44,0.12,0.25,0.32,0.76,0.81,1.29,1.33,1.42,1.52,1.77,1.66,1.82,1.46,1.33,1.43,1.36,26.56,C20
MarlimSul,245542028897904977899000026334472700629,10/07/2013,OLEO,543.0,1.005,0.12,0.28,51.8,1.27,0.73,0.15,0.44,0.12,0.25,0.32,0.76,0.81,1.29,1.33,1.42,1.52,1.77,1.66,1.82,1.46,1.33,1.43,1.36,26.56,C20
MarlimSul,113982584956084274469264334513851151787,10/07/2013,OLEO,555.0,1.0066,0.11,0.52,57.32,1.37,0.59,0.11,0.34,0.08,0.18,0.22,0.47,0.29,0.38,0.85,1.03,1.25,1.52,1.4,1.55,1.37,1.2,1.28,1.25,25.32,C20
MarlimSul,15328296952559962916111915295214724749,09/03/2006,OLEO,606.0,1.0154,0.01,0.87,51.02,4.56,4.0,0.7,1.83,0.69,1.07,1.42,2.41,2.84,2.31,2.12,1.94,1.83,1.66,1.41,1.38,1.02,1.23,0.94,0.61,12.12,C20
MarlimSul,303901131907983550444184821472670782225,16/11/2007,OLEO,580.0,0.968,0.59,0.65,37.63,7.09,6.04,1.05,2.32,0.7,1.69,0.87,3.42,3.41,3.03,2.98,2.53,2.34,2.37,2.05,1.91,1.52,1.15,1.21,1.12,12.35,C20
MarlimSul,104202076118919801985184973073303703369,04/01/2008,OLEO,557.0,0.9644,0.56,0.36,30.13,5.31,5.94,1.15,2.44,0.98,2.99,4.08,3.1,4.96,3.76,2.55,2.78,2.4,2.47,2.05,1.63,1.39,1.14,1.17,1.01,15.64,C20
MarlimSul,9715587101537739197337144052684434392,11/04/2008,OLEO,513.0,0.9612,0.6,1.01,35.97,6.96,6.12,1.05,2.45,0.78,2.17,1.99,2.77,3.4,3.06,2.77,2.32,2.13,2.14,1.77,1.67,1.24,1.02,1.09,0.92,14.6,C20
MarlimSul,115726251090243735020481814145086033361,06/02/2009,OLEO,372.0,0.9555,0.33,0.59,33.13,5.66,5.75,0.96,2.52,0.8,1.87,1.76,2.2,3.02,2.77,2.55,2.11,1.98,2.0,1.64,1.56,1.22,1.04,1.04,0.88,22.61,C20
MarlimSul,41990990713438161155138183795756209652,25/10/2017,OLEO,517.0,0.9562,0.48,0.71,32.65,6.36,5.72,0.98,2.89,1.12,1.8,2.46,3.6,3.93,3.13,2.6,2.2,2.03,2.1,2.09,1.77,1.65,1.31,1.34,1.11,15.98,C20
MarlimSul,250603369085724760274405795601321463923,05/12/2005,OLEO,635.0,1.001,0.27,0.01,49.82,3.24,3.18,0.52,1.23,0.78,1.83,0.82,0.54,1.56,1.43,1.87,3.23,2.26,1.91,5.54,2.61,1.31,0.83,0.79,0.68,13.75,C20
MarlimSul,120503226182148084118762683089812545170,16/09/2004,OLEO,466.0,0.9551,0.49,0.04,48.73,6.0,5.4,0.98,2.28,1.15,1.35,0.76,1.46,2.75,2.62,2.06,1.77,1.68,1.6,1.49,1.35,1.14,0.93,0.96,0.83,12.18,C20
MarlimSul,273103503376084302624608934285029806477,07/11/2005,OLEO,526.0,0.0,0.2,0.14,46.93,3.91,3.22,0.56,1.56,0.62,0.98,1.29,2.47,2.96,2.4,2.16,1.88,1.75,2.06,1.64,1.74,1.3,1.43,1.15,0.75,16.91,C20
MarlimSul,335654428945203706498134628819815741362,06/10/2005,OLEO,491.0,1.0231,0.23,0.13,46.9,4.04,3.36,0.57,1.65,0.58,0.95,1.27,2.36,2.75,2.26,2.06,1.8,1.67,2.13,1.4,1.63,1.23,1.38,1.1,0.72,17.82,C20
MarlimSul,88136296766429111447753575783520802981,25/11/2005,OLEO,506.0,1.0103,0.01,1.19,50.66,0.56,0.09,0.02,0.04,0.01,0.04,0.03,0.05,0.04,0.07,0.2,0.41,0.59,1.0,1.1,1.38,1.16,0.52,1.29,0.61,38.93,C20
MarlimSul,82003529447276354987860302899268528929,28/12/2005,OLEO,521.0,1.008,0.11,1.27,51.26,1.92,0.86,0.17,0.43,0.09,0.2,0.31,0.47,1.27,0.91,1.02,1.02,1.21,1.26,1.36,1.34,1.12,1.43,1.03,0.71,29.23,C20
MarlimSul,122771989447523463497797721116861658879,14/11/2005,OLEO,514.0,1.0047,0.16,0.02,50.67,1.45,0.62,0.1,0.23,0.05,0.08,0.16,0.44,0.87,0.43,0.63,0.78,0.79,1.23,0.97,1.31,0.89,1.06,1.04,0.87,35.14,C20
MarlimSul,333887639049951719646272581834895138034,25/11/2005,OLEO,537.0,1.0166,0.06,0.78,51.5,2.52,2.02,0.33,0.8,0.5,0.7,1.0,1.15,2.44,2.0,1.83,1.59,1.66,1.64,1.52,1.46,1.28,1.07,1.28,1.1,19.77,C20
MarlimSul,128415980149299848656904203550963752094,25/11/2005,OLEO,524.0,1.006,0.05,1.97,51.09,2.01,1.37,0.22,0.55,0.27,0.33,0.36,1.14,2.57,1.76,1.5,1.37,1.56,1.33,1.28,1.4,1.11,0.57,1.18,0.63,24.38,C20
MarlimSul,172890178820842883146883483300582909170,11/05/2007,OLEO,567.0,1.0262,0.1,0.08,52.49,2.08,1.62,0.26,0.65,0.17,0.26,0.21,0.29,1.33,1.41,1.63,1.49,1.68,1.72,1.65,1.7,1.51,1.25,1.46,1.24,23.72,C20
MarlimSul,255328086127544249351119426224781773784,24/11/2005,OLEO,595.0,1.0248,0.09,0.22,51.51,1.94,1.55,0.27,0.72,0.2,0.33,0.55,1.19,2.28,1.54,1.6,1.45,1.61,1.66,1.36,1.73,1.39,1.13,1.32,1.11,23.25,C20
MarlimSul,95765082184128302437698071617210489127,11/05/2007,OLEO,547.0,1.0089,0.07,0.05,52.77,2.08,1.6,0.28,0.75,0.21,0.38,0.52,1.11,1.92,1.48,1.44,1.26,1.39,1.24,1.28,1.33,1.09,1.03,1.09,0.91,24.72,C20
MarlimSul,138807250345496535027370422314069065529,12/09/2005,OLEO,538.0,1.0087,0.05,0.49,54.45,1.55,0.71,0.11,0.28,0.07,0.14,0.2,0.3,1.35,0.72,0.79,0.89,1.05,1.2,1.17,1.38,1.24,1.35,1.19,0.85,28.47,C20
MarlimSul,19610749124784835163239585816494580497,12/09/2005,OLEO,554.0,1.0146,0.01,0.26,51.87,1.51,0.67,0.1,0.26,0.09,0.17,0.32,0.21,1.52,0.99,1.14,1.13,1.42,1.43,1.38,1.63,1.48,1.67,1.29,1.0,28.45,C20
MarlimSul,90843522374058337618248399983536868464,24/11/2005,OLEO,562.0,1.012,0.01,0.78,53.11,1.76,1.0,0.16,0.4,0.15,0.22,0.38,0.3,1.71,1.18,1.3,1.24,1.44,1.42,1.34,1.56,1.27,1.58,1.2,0.9,25.59,C20
MarlimSul,324575391881770946296991801111135403786,16/09/2004,OLEO,537.0,0.9826,0.07,0.06,52.07,2.94,0.98,0.07,0.27,0.05,0.08,0.65,0.98,2.06,2.02,1.84,1.59,1.72,1.8,1.78,1.94,1.59,1.4,1.47,1.18,21.39,C20
MarlimSul,183610464017637797799501618140417474560,15/09/2005,OLEO,552.0,0.9872,0.13,0.04,53.33,3.06,1.23,0.08,0.27,0.03,0.12,0.16,0.7,1.42,1.58,1.83,1.81,2.03,2.12,2.02,2.4,1.87,1.71,1.71,1.47,18.88,C20
MarlimSul,233007303717616370337189073865094793814,03/10/2005,OLEO,390.0,0.9815,0.28,0.23,46.2,5.02,3.74,0.56,1.44,0.4,0.6,0.49,1.83,2.25,1.86,1.73,1.43,1.34,1.44,1.51,1.52,1.11,1.27,0.99,0.75,22.01,C20
MarlimSul,317097091352001900261431163843096639101,06/10/2005,OLEO,648.0,1.0365,0.2,0.09,49.73,4.47,4.07,0.73,2.0,0.76,1.13,1.53,2.33,2.36,2.36,1.83,1.73,1.58,1.87,1.4,1.68,1.28,1.21,1.1,0.8,13.75,C20
MarlimSul,307298764281151373572220775534553874323,06/10/2005,OLEO,465.0,1.0223,0.09,0.11,47.17,3.79,2.93,0.5,1.3,0.45,0.67,1.01,1.89,2.59,2.24,2.04,1.8,1.71,2.17,1.47,1.72,1.33,1.46,1.17,0.78,19.61,C20
MarlimSul,49683405783225696605792521131148759883,04/10/2005,OLEO,471.0,1.0063,0.06,0.06,49.49,1.17,0.97,0.19,0.52,0.18,0.26,0.27,0.52,0.92,0.91,1.0,1.22,0.79,0.98,1.22,1.34,1.16,0.53,0.96,0.54,34.75,C20
MarlimSul,61317939635179384047955281758889114684,04/10/2005,OLEO,498.0,1.0158,0.07,0.53,50.03,1.49,1.2,0.21,0.54,0.18,0.24,0.33,0.59,1.1,1.2,1.38,1.69,0.94,1.4,1.6,1.7,1.37,1.25,0.63,0.85,29.48,C20
MarlimSul,261200461624974804393565157595013097839,04/10/2005,OLEO,491.0,1.0119,0.04,0.02,50.07,1.05,0.64,0.12,0.31,0.13,0.15,0.2,0.35,0.64,0.69,0.84,1.14,0.69,1.16,1.32,1.51,1.37,0.65,1.04,0.74,35.13,C20
MarlimSul,182493832596601211740644629816727816066,19/09/2005,OLEO,526.0,1.0106,0.09,0.5,48.76,3.41,3.61,0.71,1.81,0.69,1.03,1.22,1.92,2.24,1.91,1.75,1.6,1.44,2.12,1.52,1.82,1.3,1.52,1.26,0.8,16.96,C20
MarlimSul,48421263069006703272248484822982473138,20/09/2005,OLEO,384.0,0.9678,0.11,0.01,16.94,1.67,1.67,0.29,0.73,0.26,0.38,0.49,0.69,0.76,65.83,0.56,0.48,0.44,0.51,0.34,0.38,0.3,0.3,0.23,0.18,6.43,C20
MarlimSul,245140115740953843695520043617815313023,20/09/2005,OLEO,537.0,1.0311,0.12,0.11,49.76,1.88,2.24,0.44,1.18,0.44,0.69,0.92,1.67,2.29,1.92,1.83,1.66,1.89,1.84,1.43,1.75,1.33,1.45,1.31,0.85,21.01,C20
MarlimSul,63932526082766549983198561408927407169,20/09/2005,OLEO,444.0,1.0001,0.3,0.08,37.56,2.96,4.16,0.97,2.28,0.95,1.38,1.9,2.7,3.27,2.61,2.4,2.3,1.97,1.94,1.55,1.73,1.31,1.41,1.22,0.86,22.19,C20
MarlimSul,66151191875364955221267682315663751865,20/09/2005,OLEO,539.0,1.0323,0.12,0.11,50.33,1.72,2.09,0.46,1.18,0.49,0.73,0.99,1.68,2.21,1.96,1.91,1.79,2.07,1.97,1.47,1.79,1.38,1.55,1.41,0.84,19.75,C20
MarlimSul,125403381605736594892674109550121164110,21/09/2005,OLEO,408.0,0.9845,0.53,0.14,41.19,6.24,5.33,0.76,2.01,0.61,0.94,1.19,1.96,2.33,1.89,1.89,1.69,1.54,1.7,2.02,1.63,1.26,1.2,0.99,0.78,20.19,C20
MarlimSul,26667986462485120220577162938027615491,21/09/2005,OLEO,404.0,0.9858,0.53,0.13,40.84,6.15,5.22,0.71,1.92,0.55,0.89,1.14,1.99,2.35,1.86,1.85,1.63,1.5,1.68,1.95,1.64,1.28,1.23,1.01,0.79,21.15,C20
MarlimSul,23553266719373595207127330480806119298,21/09/2005,OLEO,475.0,1.0053,0.09,0.05,48.67,1.94,1.73,0.31,0.82,0.25,0.34,0.37,0.79,1.4,1.38,1.55,1.35,1.3,1.5,1.79,1.67,1.15,1.69,1.29,1.15,27.41,C20
MarlimSul,281804661551349916448977118274153842410,21/09/2005,OLEO,504.0,1.0095,0.08,0.02,48.92,1.72,1.14,0.11,0.45,0.1,0.16,0.21,0.38,1.26,1.14,1.65,1.15,1.82,1.22,2.37,1.85,1.27,1.71,1.32,1.17,28.79,C20
MarlimSul,252390351380550070524132897438101929179,21/09/2005,OLEO,622.0,1.0757,0.01,0.6,49.9,1.2,0.47,0.11,0.36,0.11,0.21,0.34,0.89,1.32,1.34,1.9,1.76,2.6,1.74,2.71,2.64,1.94,2.26,2.41,1.88,21.3,C20
MarlimSul,177624687704309851136583301951220937153,16/09/2005,OLEO,497.0,1.0132,0.07,0.04,49.07,2.09,2.42,0.47,1.25,0.43,0.61,0.81,1.17,1.58,1.45,1.65,1.56,1.51,2.04,1.75,1.71,1.38,1.41,1.31,0.76,23.47,C20
MarlimSul,313808856876115109117118127803920311082,21/09/2005,OLEO,441.0,1.0046,0.13,0.02,46.87,1.82,1.83,0.3,0.76,0.23,0.34,0.44,0.68,1.1,1.16,1.48,1.64,1.45,1.95,3.98,2.0,1.34,1.31,1.23,0.75,27.2,C20
MarlimSul,92987667425491534126734303387203251445,25/11/2005,OLEO,450.0,1.003,0.1,0.09,48.61,2.2,2.31,0.44,0.94,0.32,0.41,0.43,0.66,0.9,0.81,0.97,0.6,0.77,1.13,0.74,0.9,0.73,0.72,0.67,0.38,34.18,C20
MarlimSul,325144826082385461106104513578678018879,15/09/2005,OLEO,454.0,1.0281,0.07,0.05,50.53,1.88,2.13,0.35,0.86,0.24,0.31,0.25,0.44,0.6,1.09,1.41,1.48,1.5,2.2,1.31,1.76,1.36,1.49,1.39,0.84,26.46,C20
MarlimSul,72063589702311735050102519016518993270,15/09/2005,OLEO,449.0,1.0089,0.03,0.06,49.2,1.72,1.19,0.15,0.49,0.11,0.19,0.17,0.46,0.81,0.88,1.11,0.83,1.2,1.38,1.37,1.51,1.25,1.33,1.2,0.9,32.45,C20
MarlimSul,226899511583185613635446312198169800479,19/09/2005,OLEO,431.0,0.9923,0.29,0.06,46.48,4.11,4.44,0.79,1.83,0.63,0.86,0.99,1.49,1.88,1.65,1.57,1.46,1.39,1.93,1.32,1.56,1.19,1.29,1.05,0.68,21.05,C20
MarlimSul,215617610691555722127489651596963803855,19/09/2005,OLEO,416.0,1.0027,0.07,0.06,49.89,2.89,2.29,0.57,1.19,0.49,0.7,0.94,1.74,2.24,1.96,1.62,1.74,1.49,1.92,1.17,1.41,1.09,1.18,1.03,0.6,21.71,C20
MarlimSul,49335101218797226020748450842098910087,15/09/2005,OLEO,311.0,0.9943,0.47,0.1,36.89,5.81,5.15,0.82,1.88,0.52,0.72,0.88,1.51,2.18,1.98,1.82,1.66,1.53,1.92,1.29,1.51,1.18,1.26,1.08,0.7,27.14,C20
MarlimSul,85326099949854244538158901776034232910,12/09/2005,OLEO,511.0,0.9847,0.1,0.13,49.91,2.87,2.48,0.52,1.09,0.46,0.86,1.25,1.35,2.18,2.38,1.95,1.75,1.78,1.75,1.17,1.41,1.31,1.67,1.05,0.69,19.89,C20
Roncador,86937103778096816178955706797630186195,02/08/2004,OLEO,467.0,0.9576,0.52,0.13,39.6,7.45,5.93,1.0,2.54,0.84,1.42,1.54,2.58,3.42,2.96,2.58,2.14,2.03,1.93,1.65,1.74,1.3,1.16,1.14,0.98,13.42,C20
Roncador,74531772349575056173681431478149366742,11/12/2014,OLEO,535.0,0.9611,0.55,3.48,36.69,7.15,6.32,1.17,3.29,1.18,1.84,2.29,3.1,3.38,2.55,2.2,1.89,1.68,1.74,1.48,1.5,1.12,1.0,1.01,0.91,12.48,C20
Roncador,8537294501858968714616976662474577424,15/02/2006,OLEO,479.0,0.9975,0.1,0.82,49.21,2.85,1.5,0.32,0.69,0.23,0.32,0.77,1.1,1.8,2.18,2.1,1.86,2.19,2.09,2.06,1.88,1.71,1.25,1.31,1.12,20.54,C20
Roncador,272309581808353034530575026740311601967,15/02/2006,OLEO,510.0,0.9953,0.04,0.48,48.51,2.63,0.57,0.11,0.25,0.06,0.11,0.47,0.93,1.48,2.13,1.98,1.8,2.03,2.11,2.05,1.96,1.87,1.55,1.41,1.01,24.46,C20
Roncador,200426303561000261973084694737528978411,17/12/2008,OLEO,426.0,0.8483,0.5,0.81,40.01,7.84,5.94,0.96,2.35,0.72,1.23,1.69,2.02,2.9,2.76,2.41,2.07,1.8,1.92,1.61,1.55,1.21,1.01,0.98,0.85,14.85,C20
Roncador,199785589348794297317426373797348070967,15/02/2006,OLEO,578.0,0.9984,0.05,0.44,49.67,2.72,0.63,0.13,0.3,0.07,0.1,0.66,0.65,1.96,2.28,2.23,2.22,2.56,2.1,2.28,2.31,1.97,1.68,1.56,1.24,20.22,C20
Roncador,169695117150617145588907326152092285840,07/07/2006,OLEO,438.0,0.9486,0.53,2.65,39.86,7.71,5.85,0.92,2.21,0.67,1.06,1.46,1.85,2.79,2.59,2.54,2.17,1.91,2.01,1.68,1.63,1.26,1.04,1.02,0.88,13.7,C20
Roncador,135762373768808740051079267645196160561,28/03/2006,OLEO,454.0,0.9374,0.51,0.88,39.89,8.33,6.32,0.97,2.2,0.6,0.88,1.14,1.46,2.36,2.47,2.55,2.39,2.09,2.28,1.87,1.81,1.43,1.17,1.16,0.99,14.26,C20
Roncador,134869867569696528159842653575683264502,02/07/2012,OLEO,520.0,0.9964,0.03,2.08,50.19,3.0,1.21,0.44,0.85,0.39,0.55,1.06,2.03,2.54,2.57,2.46,2.16,2.12,2.22,1.83,1.91,1.42,1.25,1.36,1.21,15.12,C20
Roncador,192130888300418248240337784137614585059,04/10/2005,OLEO,483.0,0.9625,0.55,0.03,43.11,7.74,5.99,0.71,2.06,0.54,0.8,1.02,1.73,2.33,2.18,2.14,1.94,1.98,1.78,1.42,1.59,1.12,1.63,0.91,0.8,15.88,C20
Roncador,109264420440715080036405025754301289362,06/09/2010,OLEO,436.0,0.9835,0.45,0.02,51.11,6.12,4.87,0.87,1.98,0.71,1.02,1.35,1.85,2.13,1.78,1.55,1.33,1.19,1.36,1.15,1.29,0.92,0.92,0.8,0.62,14.61,C20
Roncador,118169836903915631288229063539090933549,21/09/2005,OLEO,436.0,0.9835,0.45,0.02,51.11,6.12,4.87,0.87,1.98,0.71,1.02,1.35,1.85,2.13,1.78,1.55,1.33,1.19,1.36,1.15,1.29,0.92,0.92,0.8,0.62,14.61,C20
Roncador,146783234779667524691195780883445441177,21/09/2005,OLEO,407.0,0.9732,0.4,0.11,47.82,6.65,5.54,0.9,2.19,0.7,1.02,1.24,1.75,2.26,1.87,1.71,1.43,1.25,1.43,1.17,1.29,0.99,0.99,0.84,0.71,15.73,C20
Roncador,281718430244286438219822983346335977260,23/11/2005,OLEO,508.0,1.0291,0.62,0.02,51.85,5.97,4.73,0.86,1.98,0.63,1.01,1.33,1.75,2.24,2.48,2.24,1.73,1.68,1.61,1.35,1.33,1.04,0.93,1.01,0.93,10.68,C20
Roncador,167996049600625541299860579548778901859,23/11/2005,OLEO,431.0,0.9769,0.6,0.29,48.88,6.42,5.2,0.84,2.02,0.61,1.0,1.37,1.79,2.15,2.13,1.91,1.48,1.43,1.34,1.13,1.11,0.86,0.78,0.86,0.81,15.0,C20
Roncador,20127870282400895193710693917232365692,07/11/2005,OLEO,452.0,1.004,0.48,0.01,40.7,6.9,5.32,0.88,2.36,0.9,1.38,1.95,2.57,3.13,2.49,2.18,1.89,1.88,1.72,1.3,1.49,1.12,1.19,1.01,0.68,16.49,C20
Roncador,245040133315122120375659018815355012549,16/09/2005,OLEO,454.0,0.9896,0.4,0.24,41.82,8.0,6.12,0.98,2.18,0.6,0.81,0.67,0.71,1.27,1.59,1.98,2.15,2.42,2.33,1.77,2.08,1.62,1.63,1.43,0.9,16.31,C20
Roncador,99052514212792598464049976579761283830,16/09/2005,OLEO,379.0,0.9656,0.49,0.06,37.4,7.58,6.78,1.1,2.36,0.57,0.7,0.42,0.41,0.93,1.46,1.93,2.06,2.29,2.2,1.66,1.97,1.52,1.53,1.34,0.85,22.39,C20
Roncador,139270010545568841055774291605950215660,14/03/2007,OLEO,614.0,1.0104,0.46,0.57,51.28,2.43,0.79,0.23,0.43,0.2,0.25,0.6,1.16,1.75,1.72,2.13,1.72,2.45,1.99,2.14,2.47,2.11,1.95,1.57,1.75,17.85,C20
Roncador,95957531747040127874099161272760776240,20/10/2011,OLEO,578.0,1.0164,0.18,0.86,51.21,3.67,1.97,0.47,1.02,0.43,0.62,1.01,1.8,2.35,2.38,2.19,2.04,2.01,2.15,1.78,1.84,1.43,1.22,1.27,1.12,14.99,C20
Roncador,253692795814469769635804767268014081339,01/11/2011,OLEO,471.0,1.0001,0.23,0.85,46.97,2.79,1.81,0.42,1.01,0.4,0.61,0.99,1.65,2.16,2.11,1.99,1.87,1.9,2.05,1.77,1.83,1.54,1.26,1.29,1.17,21.32,C20
Roncador,337148815171774888296656880597653379022,28/06/2012,OLEO,525.0,0.9909,0.1,1.03,46.27,2.49,0.7,0.22,0.44,0.17,0.23,0.49,1.43,2.0,2.1,1.95,1.86,1.94,2.14,1.86,1.98,1.59,1.35,1.44,1.35,24.86,C20
Roncador,176958022729860091539851221758194043398,04/10/2005,OLEO,593.0,1.0008,0.53,0.01,40.15,7.55,6.16,0.85,2.4,0.81,1.21,1.61,2.45,2.98,2.65,2.43,2.29,1.94,1.87,1.55,1.62,1.19,1.74,0.97,0.85,14.18,C20
Roncador,232222836394199245772950792776557241372,04/10/2005,OLEO,516.0,1.0577,0.51,0.01,42.63,6.73,5.4,0.83,2.31,0.83,1.33,1.92,2.83,3.38,2.87,2.53,2.17,2.18,1.95,1.63,1.57,1.19,1.32,1.28,0.52,12.08,C20
Roncador,113461369368263203659479840554588087976,09/09/2022,OLEO,501.0,0.9368,0.06,1.64,37.54,7.34,5.85,0.94,2.67,0.93,1.45,1.96,2.72,3.04,2.5,2.11,1.83,1.65,1.71,1.6,2.07,2.65,2.06,1.86,1.25,12.56,C20
Roncador,337476012442330662774969117174046374029,21/09/2005,OLEO,354.0,0.9765,0.5,0.06,38.71,7.43,5.86,0.9,2.01,0.54,0.97,1.03,1.21,2.45,2.24,2.24,2.28,2.0,1.83,3.03,1.94,1.23,1.04,1.02,0.86,18.61,C20
Roncador,294799085578987491499653585237920030870,23/11/2005,OLEO,387.0,0.9806,0.54,0.25,39.45,7.66,5.77,0.87,1.94,0.48,0.67,0.9,1.6,2.45,2.23,2.3,1.67,2.51,1.79,3.51,1.11,1.58,1.0,0.97,0.92,17.83,C20
Roncador,66211661013086464898351788685855293590,23/11/2005,OLEO,531.0,1.0282,0.55,0.95,40.09,7.63,5.95,0.92,2.16,0.69,1.13,1.28,2.45,3.39,3.0,2.7,2.25,2.1,2.05,1.82,1.85,1.48,1.24,1.24,1.08,12.01,C20
Roncador,100607306606082101579616751622492185094,04/10/2005,OLEO,443.0,1.0016,0.43,0.14,44.75,6.61,6.09,0.95,2.51,0.86,1.35,1.74,2.48,2.8,2.24,1.91,1.65,1.46,1.79,1.21,1.31,0.98,1.12,1.05,0.54,14.03,C20
Roncador,147879329800856036652360579953263402819,04/10/2005,OLEO,463.0,1.0275,0.41,0.64,48.1,6.7,5.69,0.83,2.43,0.85,1.44,1.85,2.7,2.99,2.32,1.87,1.61,1.42,1.72,1.07,1.28,0.92,0.43,0.58,0.83,11.33,C20
Roncador,124523622555456245022625769455984021575,09/09/2022,OLEO,537.0,1.0098,0.08,2.53,50.53,3.89,2.41,0.5,1.22,0.44,0.69,0.62,1.92,2.12,1.84,1.84,1.59,1.62,1.56,1.63,1.46,1.28,1.05,0.91,0.74,17.51,C20
Roncador,265383203584141858575512890129409700042,27/03/2006,OLEO,446.0,1.0208,0.08,1.63,47.27,3.62,2.17,0.41,1.17,0.38,0.65,0.58,2.0,2.21,1.82,1.78,1.77,0.92,1.69,1.63,1.97,1.14,0.64,0.99,0.73,22.75,C20
Roncador,6288757274768445153966022485444906513,03/10/2005,OLEO,552.0,1.0139,0.07,1.9,49.34,2.81,0.66,0.16,0.34,0.11,0.15,0.28,0.8,1.15,1.17,1.32,1.55,2.02,1.72,2.08,1.84,1.81,1.51,1.46,1.7,24.06,C20
Roncador,53809527934048270667048397981642220200,03/10/2005,OLEO,498.0,0.9983,0.08,2.23,51.09,2.79,0.57,0.14,0.25,0.09,0.09,0.19,0.5,0.78,0.81,0.98,1.15,1.25,1.57,1.54,1.65,1.23,1.76,0.59,1.77,26.9,C20
Roncador,7967090592185254324209523638922459405,19/09/2005,OLEO,555.0,1.003,0.09,2.11,49.14,3.14,0.37,0.1,0.17,0.09,0.1,0.32,0.52,0.96,0.99,1.18,1.38,1.34,1.86,1.63,2.0,1.45,1.35,1.53,1.01,27.16,C20
Roncador,39533964722570020958950057503827568425,19/09/2005,OLEO,419.0,0.9873,0.12,2.65,49.63,3.1,0.13,0.05,0.05,0.03,0.13,0.31,1.08,1.83,1.13,1.26,0.9,1.4,1.76,1.46,1.78,1.24,1.11,1.19,0.79,26.87,C20
Roncador,118117983404870696657820118036095492104,19/09/2005,OLEO,445.0,0.9824,2.87,0.13,50.87,3.95,2.02,0.38,0.84,0.23,0.31,0.37,0.89,1.37,1.35,1.42,1.39,1.26,1.39,1.44,1.35,1.03,0.93,1.0,0.53,22.69,C20
Roncador,130492832424782613741452802919694225361,19/09/2005,OLEO,593.0,1.0252,0.09,0.03,45.93,2.24,0.75,0.23,0.37,0.17,0.19,0.27,0.67,1.21,1.23,1.18,1.19,1.21,1.61,1.33,2.0,1.54,1.28,0.66,0.77,33.85,C20
Roncador,324215480391669461412780625697880048656,20/09/2005,OLEO,387.0,0.983,0.14,0.01,44.36,2.21,0.88,0.31,0.47,0.21,0.22,0.31,0.53,0.83,0.77,0.85,0.93,0.98,1.59,1.02,1.44,1.15,0.84,0.97,0.95,38.03,C20
Roncador,322763989916287922481085253448246283287,20/09/2005,OLEO,468.0,1.0066,0.03,0.01,48.29,2.24,0.49,0.15,0.22,0.1,0.13,0.21,0.66,1.36,1.45,1.39,1.36,1.36,2.22,0.83,2.5,1.58,1.05,0.7,1.18,30.48,C20
Roncador,188163452285954518537089168451552855424,21/09/2005,OLEO,455.0,1.0009,0.14,0.04,43.74,2.19,0.73,0.24,0.38,0.18,0.18,0.33,0.57,0.98,1.02,1.27,1.25,1.34,1.66,1.71,1.77,1.77,1.45,1.2,1.24,34.62,C20
Roncador,5817048248124656530432743034820589210,21/09/2005,OLEO,461.0,0.9998,0.13,0.04,43.34,2.26,0.78,0.26,0.45,0.19,0.23,0.37,0.47,1.11,0.99,1.18,1.19,1.5,1.42,1.68,1.83,1.41,1.75,1.51,1.08,34.83,C20
Roncador,332699974646203335024607455828453313231,12/09/2005,OLEO,516.0,0.9923,0.07,0.89,49.43,2.27,0.37,0.08,0.15,0.05,0.09,0.59,0.86,1.61,2.07,1.85,1.94,1.78,2.17,1.91,2.03,1.64,1.58,1.41,0.89,24.28,C20
Roncador,232399220539794353095066037625688466312,12/09/2005,OLEO,545.0,0.9931,0.11,0.48,47.47,3.23,1.78,0.36,0.79,0.25,0.36,1.02,1.07,2.18,2.15,1.96,2.01,2.01,2.0,1.74,2.0,1.43,1.33,1.16,1.07,22.05,C20
Roncador,133892976141765235510664300678484215058,12/09/2005,OLEO,535.0,0.9895,0.07,0.94,51.07,2.6,1.02,0.29,0.59,0.26,0.35,1.04,1.02,1.88,1.7,1.6,1.71,1.77,1.88,1.66,1.72,1.46,1.3,1.11,1.07,21.89,C20
Roncador,71551936020620954050426632531484608176,12/09/2005,OLEO,564.0,0.9946,0.27,0.08,49.43,2.56,1.18,0.31,0.6,0.24,0.33,1.72,1.05,1.88,1.65,1.54,1.55,1.91,1.88,1.8,1.94,1.51,1.44,1.22,1.14,22.78,C20
Roncador,323629471163443127993834658726223611737,12/09/2005,OLEO,477.0,0.9672,0.12,0.03,47.39,2.61,1.24,0.55,0.63,0.34,1.21,0.65,1.06,1.66,1.6,1.46,1.52,1.84,1.82,1.75,1.87,1.46,1.37,1.21,1.11,25.5,C20
Roncador,253293599392837197360160000283116588962,12/09/2005,OLEO,596.0,0.995,0.12,0.03,48.81,2.48,1.18,0.31,0.61,0.26,0.35,1.46,1.1,1.77,1.72,1.62,1.88,1.92,2.03,1.91,1.98,1.66,1.47,1.52,1.21,22.6,C20
Roncador,116846213500775414700962561994957423033,03/04/2008,OLEO,475.0,0.9861,0.04,2.45,50.69,2.15,0.89,0.22,0.47,0.15,0.54,0.63,1.3,1.75,2.01,1.77,1.66,1.74,1.84,2.01,1.64,1.41,1.14,1.16,0.92,21.42,C20
Roncador,192969795841560019457352230905582051062,09/09/2022,OLEO,532.0,0.9903,0.05,2.43,50.99,2.25,0.63,0.2,0.38,0.13,0.51,1.41,1.26,2.2,1.42,1.66,1.67,1.83,1.27,2.03,1.44,1.28,1.21,1.01,0.98,21.76,C20
Roncador,284320113695754011822619929531220470052,03/07/2008,OLEO,500.0,0.9937,0.07,1.61,49.61,1.83,0.6,0.17,0.34,0.13,0.41,1.07,0.75,1.37,1.85,1.63,1.41,1.85,1.65,1.7,1.73,1.44,0.66,1.03,1.03,26.07,C20
Roncador,313963548929718815774117394062610376201,23/03/2009,OLEO,535.0,0.9955,0.09,0.02,51.42,3.51,1.75,0.38,0.92,0.3,0.82,1.0,1.49,2.25,2.53,2.68,1.85,2.1,2.28,2.04,1.42,1.43,1.48,1.09,0.79,16.36,C20
Roncador,16864178368018760785972917753064094765,23/03/2009,OLEO,460.0,0.9788,0.09,0.02,51.42,3.66,2.26,0.49,1.16,0.37,0.89,0.97,1.34,2.0,2.23,2.37,1.72,1.88,2.01,1.77,1.24,1.25,1.24,1.01,0.69,17.92,C20
Roncador,56926352198019627697871660987316624938,23/03/2009,OLEO,523.0,1.0042,0.1,0.02,50.5,3.1,1.09,0.26,0.55,0.18,0.55,0.89,1.56,2.23,2.73,2.87,2.01,2.24,2.44,2.22,1.54,1.54,1.55,1.24,0.84,17.76,C20
Roncador,308061323956132360658833538166214995816,13/10/2011,OLEO,464.0,0.982,0.32,5.4,49.15,3.59,1.76,0.65,1.17,0.58,0.76,1.21,1.77,2.13,2.15,2.05,1.85,1.79,1.96,1.53,1.65,1.27,1.08,1.17,1.06,13.95,C20
Roncador,146663045126515312420511694077722581471,13/10/2011,OLEO,469.0,0.9835,0.3,5.05,49.46,3.62,2.11,0.67,1.31,0.62,0.82,1.28,1.76,2.11,2.12,2.01,1.8,1.73,1.88,1.48,1.58,1.22,1.04,1.1,1.0,13.94,C20
Roncador,274467613948180980482183799223859668571,13/10/2011,OLEO,560.0,0.9912,0.21,6.08,50.39,3.78,1.39,0.57,0.95,0.47,0.57,1.01,1.7,2.04,2.11,2.01,1.8,1.74,1.9,1.52,1.52,1.28,1.06,1.13,1.11,13.66,C20
Tupi,282860021152680089558134343920710761961,13/06/2008,OLEO,494.0,0.9584,0.47,5.63,51.71,7.62,4.76,0.82,1.72,0.5,0.97,1.22,2.07,1.8,1.88,1.7,1.4,1.29,1.27,1.11,0.98,0.7,0.56,0.64,0.59,8.59,C20
Tupi,153524864961449048011344709068183351195,15/04/2011,OLEO,579.0,0.9641,0.4,6.11,52.12,7.57,4.83,0.86,1.89,0.62,0.95,1.43,1.65,2.37,2.02,1.76,1.51,1.21,1.18,1.0,0.91,0.69,0.57,0.57,0.46,7.32,C20
Tupi,214439656994625248392838884892806658121,12/07/2013,OLEO,545.0,0.9588,0.35,0.74,62.2,6.77,4.98,0.97,1.98,0.74,1.03,1.29,1.72,1.96,1.73,1.32,1.15,1.0,0.88,0.76,0.67,0.58,0.52,0.46,0.42,5.78,C20
Tupi,201350168747541979502473349186693289825,30/09/2010,OLEO,528.0,0.9548,0.52,10.1,51.8,7.36,4.66,0.8,1.73,0.54,0.82,1.15,1.33,1.88,1.62,1.36,1.16,1.05,1.07,0.89,0.86,0.67,0.57,0.6,0.55,6.91,C20
Tupi,127002243186564854657305725272557424280,30/09/2010,OLEO,560.0,0.9595,0.48,10.4,48.99,6.78,4.53,0.78,1.77,0.5,0.89,1.34,1.54,2.19,1.84,1.7,1.41,1.3,1.24,1.06,1.05,0.79,0.68,0.73,0.64,7.37,C20
Tupi,93057063322970114277883784989017310873,18/04/2011,OLEO,536.0,0.9594,0.37,8.24,51.29,7.07,4.87,0.9,1.79,0.59,0.86,1.13,1.64,2.1,1.69,1.55,1.26,1.15,1.19,0.98,0.96,0.75,0.68,0.69,0.63,7.62,C20
Tupi,135291473333392574763921358190721242773,06/04/2011,OLEO,536.0,0.9594,0.37,8.24,51.29,7.07,4.87,0.9,1.79,0.59,0.86,1.13,1.64,2.1,1.69,1.55,1.26,1.15,1.19,0.98,0.96,0.75,0.68,0.69,0.63,7.62,C20
Tupi,232399468347283895708047374796668875648,20/07/2009,OLEO,562.0,0.8602,0.51,5.39,45.01,7.07,5.18,0.89,2.14,0.68,1.11,1.52,2.01,2.57,2.25,2.08,1.69,1.59,1.55,1.35,1.27,1.0,0.89,0.92,0.78,10.54,C20
Tupi,273147311072980383208302296686727915393,27/04/2010,OLEO,500.0,0.9496,0.4,9.27,50.29,7.25,4.75,0.82,1.82,0.57,0.88,1.2,1.41,2.0,1.62,1.45,0.97,1.29,1.17,1.05,0.74,0.81,0.54,0.57,0.54,8.59,C20
Tupi,48346150926994320933781927356049166072,08/04/2010,OLEO,558.0,0.9543,0.43,9.5,50.38,6.82,4.97,0.87,1.9,0.59,0.91,1.17,1.47,2.04,1.69,1.53,1.3,1.2,1.21,1.07,0.9,0.72,0.54,0.6,0.57,7.61,C20
Tupi,170046001513605525716931219847396894329,08/04/2010,OLEO,640.0,0.9597,0.52,6.26,52.5,7.38,5.5,0.95,2.13,0.64,0.99,1.29,1.48,2.06,1.66,1.48,1.23,1.16,1.25,1.03,0.83,0.7,0.54,0.58,0.56,7.28,C20
Tupi,257523552533956898895178481004608810911,09/06/2010,OLEO,414.0,0.9327,0.39,10.59,50.14,7.18,4.76,0.95,1.65,0.52,0.78,0.95,1.11,1.61,1.38,1.29,1.04,0.98,0.97,0.89,0.69,0.58,0.43,0.49,0.46,10.18,C20
Tupi,131131275641669749333036260843215577408,03/06/2013,OLEO,495.0,0.9325,0.49,16.69,49.58,6.86,4.63,0.86,1.83,0.6,0.92,1.18,1.34,1.73,1.42,1.19,0.98,0.85,0.84,0.67,0.65,0.48,0.43,0.44,0.38,4.97,C20
Tupi,241590614894808480024410362843550560007,03/06/2013,OLEO,496.0,0.9372,0.49,16.7,48.96,6.9,4.58,0.84,1.83,0.61,0.94,1.21,1.37,1.75,1.44,1.21,1.0,0.86,0.86,0.69,0.66,0.49,0.45,0.45,0.39,5.32,C20
Tupi,49402459042030084086207328612532881932,10/12/2012,OLEO,512.0,0.9383,0.39,0.78,62.18,8.09,4.87,0.95,1.79,0.6,0.84,1.15,1.46,1.87,1.51,1.24,1.04,0.9,0.89,0.74,0.71,0.54,0.49,0.49,0.43,6.05,C20
Tupi,81570608359191682093791366152548164151,10/12/2012,OLEO,489.0,0.94,0.39,0.82,62.0,7.4,5.0,0.99,1.88,0.64,0.9,1.19,1.38,1.82,1.48,1.26,1.05,0.9,0.91,0.73,0.71,0.54,0.5,0.5,0.44,6.57,C20
Tupi,105671462333366476930993371524739711388,10/12/2012,OLEO,504.0,0.9407,0.39,0.73,61.68,7.45,5.03,1.01,1.94,0.67,0.94,1.26,1.42,1.88,1.5,1.27,1.05,0.91,0.92,0.74,0.72,0.55,0.5,0.5,0.45,6.49,C20
Tupi,108965422526644512588734239294034396497,06/12/2012,OLEO,513.0,0.9382,0.41,0.99,62.33,7.88,4.94,0.99,1.87,0.64,0.87,1.17,1.36,1.82,1.49,1.28,1.05,0.9,0.91,0.74,0.71,0.54,0.5,0.49,0.43,5.69,C20
Tupi,31441816984483545632019813133436980325,14/06/2011,OLEO,325.0,0.9023,0.6,0.72,69.51,7.97,4.83,0.95,1.78,0.57,0.79,1.08,0.76,1.27,1.05,0.83,0.7,0.63,0.67,0.6,0.51,0.35,0.29,0.3,0.25,2.99,C20
Tupi,260355231977557087416856998199242997231,11/07/2013,OLEO,511.0,0.9523,0.29,0.47,59.98,7.97,4.78,0.9,2.03,0.69,0.98,1.25,1.66,1.94,1.6,1.31,1.13,0.98,0.99,0.8,0.78,0.59,0.55,0.54,0.5,7.28,C20
Tupi,130636972234743830569368693852009931134,20/06/2012,OLEO,476.0,0.9297,0.52,16.23,49.08,6.75,4.87,0.88,1.93,0.6,0.93,1.21,1.11,1.6,1.34,1.12,0.93,0.84,0.85,0.74,0.68,0.5,0.42,0.43,0.38,6.07,C20
Tupi,114539585952235447028306037821364195981,20/06/2012,OLEO,469.0,0.9279,0.55,16.99,49.4,6.71,4.81,0.86,1.89,0.58,0.91,1.17,1.19,1.61,1.34,1.11,0.9,0.79,0.79,0.65,0.62,0.46,0.41,0.42,0.37,5.47,C20
Tupi,291067663455230739224527841121108916550,22/07/2009,OLEO,490.0,0.9299,0.41,0.93,62.82,7.88,4.96,0.93,1.81,0.56,0.81,1.03,1.22,1.68,1.43,1.22,0.99,0.9,0.9,0.89,0.76,0.55,0.42,0.4,0.33,6.17,C20
Tupi,264713280393326580792917506587761724827,10/03/2016,OLEO,526.0,0.9299,0.41,0.93,63.23,7.93,4.99,0.93,1.82,0.57,0.81,1.04,1.23,1.69,1.44,1.22,1.0,0.89,0.77,0.66,0.56,0.48,0.42,0.41,0.33,6.23,C20
Tupi,147884289130100171171436127713739120943,07/01/2010,OLEO,481.0,0.938,0.39,0.86,62.52,7.42,5.04,0.98,1.93,0.58,0.9,1.18,1.2,1.74,1.42,1.3,1.05,0.96,0.92,0.78,0.73,0.56,0.51,0.52,0.45,6.06,C20
Tupi,334336327257105809947622133840096367601,22/03/2022,OLEO,452.0,0.9372,0.4,0.87,62.01,7.42,5.16,1.0,1.94,0.61,0.87,1.14,1.16,1.67,1.37,1.28,1.02,0.94,0.91,0.77,0.73,0.56,0.51,0.51,0.49,6.66,C20
Tupi,227733514401694366017619697604940214783,21/06/2011,OLEO,457.0,0.9396,0.39,0.88,62.09,7.43,4.98,0.96,1.9,0.6,0.87,1.17,1.21,1.73,1.41,1.3,1.05,0.96,0.92,0.78,0.74,0.56,0.5,0.52,0.49,6.56,C20
Tupi,50481859534850155908414758835664653751,14/05/2015,OLEO,464.0,0.9331,0.57,15.68,49.21,6.98,4.62,0.77,1.96,0.61,0.94,1.04,1.42,1.63,1.27,1.01,0.87,0.82,0.85,0.76,0.64,0.5,0.39,0.45,0.38,6.64,C20
Tupi,34230425419616676761800976500284926790,14/05/2015,OLEO,508.0,0.9479,0.62,1.71,49.27,7.68,5.56,0.96,2.42,0.79,1.22,1.47,2.13,2.39,1.83,1.45,1.27,1.22,1.35,1.23,1.03,0.83,0.62,0.79,0.6,11.57,C20
Tupi,244778450582514372368731124967559482953,26/11/2012,OLEO,566.0,0.961,1.18,7.6,50.66,5.87,5.04,0.93,1.99,0.67,1.03,1.46,1.7,2.23,1.92,1.58,1.34,1.2,1.26,1.1,1.0,0.72,0.65,0.65,0.57,7.64,C20
Tupi,336173870726928753557918619759500907984,23/11/2012,OLEO,527.0,0.9396,0.9,12.89,49.39,7.15,4.69,0.87,1.9,0.62,0.97,1.28,1.44,1.91,1.58,1.32,1.12,1.01,1.08,1.02,0.86,0.59,0.51,0.51,0.45,5.93,C20
Tupi,47059734870732119551436655835940711552,27/06/2014,OLEO,545.0,0.9444,0.41,2.06,58.15,6.87,4.94,0.92,2.08,0.68,0.96,1.18,1.62,2.02,1.7,1.45,1.26,1.15,1.26,1.12,0.97,0.7,0.62,0.63,0.58,6.66,C20
Tupi,218380821752829771725242472419361861670,11/07/2013,OLEO,487.0,0.9507,0.63,6.88,49.93,7.17,4.85,0.9,2.09,0.73,1.13,1.42,1.81,1.99,1.64,1.4,1.24,1.15,1.29,1.26,1.02,0.69,0.6,0.58,0.54,9.05,C20
Tupi,325628093584150582939820000757215146975,11/07/2013,OLEO,495.0,0.9535,0.68,6.29,50.87,6.89,4.89,0.9,2.08,0.73,1.11,1.32,1.79,2.01,1.67,1.39,1.23,1.11,1.18,1.06,0.93,0.67,0.59,0.58,0.54,9.5,C20
Tupi,310178557193036527749956834238026186591,10/07/2013,OLEO,558.0,0.9553,1.12,10.7,46.45,6.4,4.75,0.84,2.16,0.69,1.11,1.35,1.87,2.16,1.81,1.52,1.36,1.24,1.34,1.23,1.07,0.75,0.67,0.66,0.6,8.16,C20
Tupi,140827516177661260650253356053492417858,19/03/2015,OLEO,444.0,0.9316,0.39,1.64,61.29,8.11,4.99,0.95,2.03,0.67,0.93,0.96,1.28,1.55,1.22,0.99,0.86,0.78,0.84,0.7,0.66,0.53,0.46,0.5,0.44,7.22,C20
Tupi,210825244392614049311796250306918899184,25/03/2014,OLEO,532.0,0.9505,0.46,2.27,57.47,7.8,4.7,0.86,2.0,0.67,0.97,1.22,1.67,1.99,1.63,1.37,1.21,1.14,1.26,1.13,0.93,0.66,0.59,0.59,0.55,6.85,C20
Tupi,295621796398498304957119766184565270190,11/12/2014,OLEO,472.0,0.9428,0.51,5.56,53.7,7.29,4.93,0.91,2.16,0.72,1.06,1.32,1.67,1.92,1.41,1.16,0.99,0.91,0.98,0.83,0.8,0.64,0.54,0.6,0.52,8.87,C20
Tupi,260081874095971722399512300516429647064,25/03/2014,OLEO,538.0,0.9557,0.45,6.81,50.64,7.38,4.68,0.82,2.05,0.68,1.05,1.31,1.8,2.11,1.76,1.49,1.33,1.28,1.42,1.28,1.05,0.74,0.65,0.66,0.62,7.94,C20
Tupi,140466329920165657503622386296407435172,13/06/2012,OLEO,527.0,0.9565,0.4,6.74,52.81,5.93,5.31,1.0,2.12,0.67,1.02,1.33,1.55,2.08,1.74,1.48,1.23,1.1,1.11,0.92,0.89,0.68,0.61,0.65,0.57,8.05,C20
Tupi,40970092356669819872228999945119415629,13/06/2012,OLEO,527.0,0.9529,0.41,6.45,49.88,7.43,4.89,0.91,1.97,0.65,1.0,1.33,1.6,2.09,1.75,1.45,1.32,1.36,1.57,1.62,1.27,0.82,0.62,0.67,0.58,8.35,C20
Tupi,332365433854488148476613664576587858070,02/07/2012,OLEO,520.0,0.9619,0.42,6.6,51.02,7.6,5.01,0.93,2.02,0.67,1.02,1.36,1.63,2.14,1.79,1.49,1.31,1.15,1.02,0.9,0.8,0.71,0.64,0.58,0.54,8.65,C20
Tupi,47004036376295933612496372345630899262,14/10/2015,OLEO,589.0,0.9494,0.46,10.95,49.99,7.24,4.83,0.83,2.04,0.66,1.0,1.17,1.7,2.04,1.67,1.4,1.16,1.04,1.06,0.9,0.83,0.64,0.58,0.6,0.54,6.66,C20
Tupi,227058814509751179347035023329612067212,11/12/2014,OLEO,504.0,0.9373,0.37,12.48,49.72,7.17,4.86,0.86,2.17,0.69,1.08,1.29,1.64,1.88,1.37,1.11,0.98,0.87,0.96,0.85,0.73,0.54,0.44,0.49,0.43,7.02,C20
Tupi,100510204080343391352705755575287470359,25/01/2016,OLEO,550.0,0.9598,0.38,11.36,46.25,7.09,4.87,0.81,2.09,0.67,1.06,1.29,1.95,2.25,1.81,1.49,1.26,1.14,1.17,0.99,0.93,0.72,0.65,0.68,0.61,8.47,C20
Tupi,129999149148362948533925446236564540484,21/05/2015,OLEO,525.0,0.9281,0.37,1.02,62.49,8.15,4.97,0.9,2.01,0.66,0.92,1.02,1.47,1.74,1.4,1.12,0.94,0.82,0.85,0.72,0.66,0.51,0.47,0.48,0.44,5.88,C20
Tupi,91505350489304382868231889433819866655,27/03/2015,OLEO,460.0,0.9413,0.43,11.65,46.65,7.19,4.92,0.84,2.15,0.71,1.1,1.23,1.75,1.91,1.45,1.15,1.0,0.94,1.04,0.92,0.79,0.59,0.49,0.54,0.47,10.09,C20
Tupi,124234562400947691470741920722148549009,14/10/2015,OLEO,492.0,0.9468,0.56,7.7,48.24,6.3,4.93,0.85,2.21,0.71,1.11,1.26,1.85,2.11,1.69,1.41,1.2,1.12,1.17,1.24,0.94,0.88,0.64,0.7,0.58,10.6,C20
Tupi,225681828531377613553207851080822892573,14/10/2015,OLEO,490.31,0.9492,0.56,7.78,48.75,6.36,4.98,0.86,2.23,0.72,1.12,1.27,1.87,2.12,1.7,1.42,1.2,1.08,1.09,0.9,0.85,0.64,0.59,0.61,0.57,10.72,C20
Tupi,196961780489636217416470493895342508823,23/11/2016,OLEO,525.0,0.9493,0.42,6.49,52.3,7.5,5.05,0.88,2.15,0.73,1.11,1.38,1.7,1.99,1.56,1.3,1.12,1.01,1.04,0.85,0.82,0.62,0.53,0.57,0.53,8.35,C20
Tupi,335584949057156512429008249763009589460,23/11/2016,OLEO,541.0,0.9473,0.42,3.08,56.23,7.63,5.0,0.91,2.11,0.75,1.09,1.4,1.75,2.13,1.68,1.37,1.17,1.05,1.08,0.88,0.84,0.64,0.55,0.59,0.54,7.11,C20
Tupi,157312470782440370099596460503130932232,20/10/2016,OLEO,532.0,0.9464,0.43,10.55,47.63,6.85,4.72,0.82,2.09,0.76,1.25,1.54,1.93,2.17,1.61,1.28,1.1,1.01,1.03,1.17,0.85,0.86,0.6,0.7,0.54,8.51,C20
Tupi,234514976075719499894961469764348373411,19/10/2016,OLEO,523.0,0.9536,0.45,12.9,48.28,7.18,5.0,0.85,2.17,0.72,1.15,1.46,1.81,1.98,1.47,1.21,1.02,0.92,0.94,0.77,0.73,0.56,0.46,0.51,0.47,7.0,C20
Tupi,108527809758705254281182796410313951463,17/07/2015,OLEO,548.0,0.951,0.48,6.55,50.74,7.53,4.54,0.79,2.16,0.68,1.06,1.35,1.93,2.17,1.67,1.37,1.17,1.06,1.11,0.96,0.9,0.7,0.64,0.66,0.6,9.19,C20
Tupi,150248549361848034753183481147282081738,25/06/2012,OLEO,457.0,0.9285,0.52,17.9,48.37,6.88,4.62,0.82,1.82,0.56,0.87,1.11,1.12,1.54,1.29,1.07,0.88,0.78,0.77,0.63,0.6,0.45,0.4,0.41,0.36,6.22,C20
Tupi,115590136304700709999581595837093960670,25/06/2012,OLEO,554.0,0.9392,0.87,18.04,48.63,6.79,4.64,0.85,1.88,0.6,0.91,1.17,1.22,1.67,1.41,1.18,1.01,0.94,0.98,0.87,0.74,0.52,0.45,0.45,0.39,3.8,C20
Tupi,68086971946637370130433393358543336606,25/06/2012,OLEO,559.0,0.9344,0.87,18.04,48.63,6.79,4.64,0.85,1.88,0.6,0.91,1.17,1.22,1.67,1.41,1.18,1.01,0.94,0.98,0.87,0.74,0.52,0.45,0.45,0.39,3.8,C20
Tupi,155498388615433770076233950134174785576,26/06/2012,OLEO,526.0,0.9469,0.66,16.82,46.72,6.82,4.48,0.8,1.83,0.58,0.92,1.22,1.34,1.82,1.54,1.3,1.1,1.01,1.04,0.89,0.81,0.59,0.52,0.53,0.47,6.19,C20
Tupi,78007512910812738060681382545170422515,15/01/2016,OLEO,530.0,0.9199,0.6,20.87,49.62,6.59,4.03,0.69,1.89,0.61,0.94,1.18,1.5,1.57,1.17,0.94,0.78,0.72,0.77,0.76,0.57,0.44,0.34,0.37,0.3,2.74,C20
Tupi,16015053088176701978831192481597609891,15/01/2016,OLEO,575.0,0.9232,0.6,20.51,50.32,6.52,4.33,0.74,1.9,0.61,0.95,1.19,1.47,1.52,1.15,0.92,0.77,0.7,0.74,0.72,0.55,0.42,0.33,0.36,0.29,2.4,C20
Tupi,53772984462286116232986924937785889308,22/06/2016,OLEO,540.0,0.9286,0.58,20.33,50.03,6.73,4.42,0.73,1.82,0.56,0.87,1.1,1.4,1.55,1.21,0.99,0.8,0.69,0.69,0.56,0.53,0.39,0.35,0.36,0.31,3.0,C20
Tupi,70994058043490007143282779488773819868,22/06/2016,OLEO,539.0,0.9265,0.58,20.45,50.38,6.61,4.38,0.73,1.83,0.58,0.9,1.18,1.45,1.55,1.2,0.98,0.79,0.68,0.67,0.54,0.51,0.38,0.34,0.35,0.3,2.64,C20
Tupi,93812789314752684163830827443345008819,15/01/2016,GAS,492.0,0.9143,0.6,20.99,50.46,6.72,4.13,0.69,1.87,0.58,0.89,1.09,1.34,1.39,1.09,0.88,0.74,0.65,0.66,0.58,0.49,0.38,0.31,0.34,0.29,2.85,C20
Tupi,335216513813068285539406514599198746419,24/06/2015,OLEO,487.0,0.9599,0.52,3.25,52.05,7.78,5.1,0.86,2.14,0.66,1.02,1.15,1.66,1.84,1.45,1.18,1.01,0.92,0.95,0.81,0.75,0.6,0.54,0.57,0.52,12.68,C20
Tupi,149096455977282755934314626256014091594,25/01/2016,OLEO,512.0,0.9514,0.41,6.94,48.98,7.3,4.96,0.89,2.24,0.75,1.15,1.38,2.04,2.32,1.8,1.48,1.25,1.11,1.14,0.96,0.9,0.7,0.63,0.65,0.59,9.42,C20
Tupi,312774212004351826239229468669932085143,23/01/2017,OLEO,569.0,0.9595,0.48,10.2,46.44,7.17,4.98,0.86,2.24,0.78,1.24,1.59,1.98,2.29,1.75,1.45,1.25,1.15,1.18,0.97,0.93,0.71,0.62,0.65,0.6,8.5,C20
Tupi,143624173042856761357521798156772107494,23/01/2017,OLEO,533.0,0.9571,0.55,9.81,46.59,7.13,5.09,0.87,2.25,0.77,1.23,1.57,1.96,2.23,1.69,1.38,1.19,1.09,1.13,0.94,0.87,0.68,0.57,0.59,0.58,9.23,C20
Tupi,314658017756193101165587100402243200483,17/06/2016,OLEO,586.0,0.9597,0.39,6.08,52.68,7.5,4.87,0.85,2.09,0.71,1.06,1.45,1.98,2.22,1.74,1.44,1.18,1.05,1.08,0.92,0.85,0.67,0.61,0.63,0.57,7.38,C20
Tupi,118443992719531320166855648127707859425,11/07/2012,OLEO,546.0,0.9485,0.54,6.36,53.66,5.23,4.87,0.88,1.86,0.62,0.93,1.31,1.64,2.1,1.73,1.43,1.23,1.18,1.26,1.23,0.98,0.68,0.6,0.6,0.54,8.54,C20
Tupi,10418374151013838797705181653344674115,11/07/2012,OLEO,23.74,0.9517,0.57,3.07,51.89,7.83,5.08,0.91,2.07,0.69,1.08,1.53,1.88,2.37,1.94,1.59,1.33,1.23,1.28,1.16,1.0,0.72,0.64,0.65,0.58,8.92,C20
Tupi,220335523043162963450925058416820616289,11/07/2012,OLEO,559.0,0.9517,0.53,6.93,50.52,7.19,4.7,0.86,1.94,0.66,1.02,1.44,1.74,2.23,1.83,1.5,1.29,1.23,1.32,1.28,1.03,0.72,0.62,0.63,0.56,8.22,C20
Tupi,59001974916571836358033913049505115967,11/07/2012,OLEO,536.0,0.9512,0.58,3.09,50.49,7.79,5.18,0.92,2.15,0.72,1.14,1.6,1.88,2.4,1.96,1.61,1.35,1.24,1.29,1.17,1.01,0.73,0.65,0.66,0.59,9.8,C20
Tupi,169043066055562681979975073107621118191,29/11/2013,OLEO,487.0,0.9451,0.42,6.75,51.15,7.52,4.87,0.87,2.12,0.68,1.02,1.23,1.59,1.9,1.56,1.32,1.14,1.03,1.12,1.0,0.9,0.65,0.58,0.59,0.55,9.43,C20
